jQuery:1.6.1,76,shopmania.ro,movshare.net,jqw.com,antpedia.com,turkcealtyazi.org,expatads.com,dot.tk,hotelscombined.com,freshbooks.com,people.com,searchquotes.com,met-art.com,hyundai.com,crocko.com,jpost.com,to8to.com,athome.co.jp,bancogalicia.com.ar,weightwatchers.com,uploadable.ch,pap.fr,nowdownload.ch,viooz.co,ujian.cc,zol.com.cn,jaidefinichon.com,portail.free.fr,yify-torrents.com,everychina.com,ticketmaster.com.mx,yonhapnews.co.kr,gamingwonderland.com,colorlabsproject.com,service-public.fr,justjared.com,reuters.com,jayde.com,discover.com,safe-swaps.com,ligatus.com,archive.org,gsmarena.com,peb.pl,sports.fr,epidemz.net,egotastic.com,ebs.in,thethao247.vn,vatera.hu,affaritaliani.it,blogos.com,stylebook.de,scottrade.com,salary.com,tzetze.it,izismile.com,donews.com,discovercard.com,screenrant.com,xdating.com,yts.re,ticketmaster.co.uk,telderi.ru,eonet.jp,angloinfo.com,manager-magazin.de,accorhotels.com,siol.net,pingmyurl.com,ca.gov,cinemablend.com,sagepub.com,iautos.cn,scambioetico.org,hankooki.com,izvestia.ru,
jQuery:1.6.2,120,trovit.it,chewen.com,pipl.com,huffingtonpost.fr,coupons-bar.com,adweek.com,managewp.com,trovit.com,huffingtonpost.es,vestifinance.ru,authorize.net,hsbc.com,playxn.com,amadeus.com,huffingtonpost.com,haivl.com,rabota.ru,beitaichufang.com,serienjunkies.org,ets.org,xojane.com,91jm.com,idhostinger.com,livesurf.ru,trovit.es,argaam.com,jobisjob.co.in,fpcurator.com,linguee.fr,huffpost.com,hawamer.com,pagina12.com.ar,ono.es,joins.com,sixfigurefunnelformula.com,wankoz.com,politico.com,cricket.com.pk,huffingtonpost.it,wiziwig.tv,housefun.com.tw,jetblue.com,turkiye.gov.tr,livemook.com,codeproject.com,linguee.es,tabloidpulsa.co.id,cricbuzz.com,usmagazine.com,perfil.com.ar,tuolar.com,plala.or.jp,tvn.pl,spiegel.de,netzero.net,dicionarioinformal.com.br,netbeans.org,lohaco.jp,internetretailer.com,haivl.tv,wenxuecity.com,admitad.com,poste.it,guyism.com,chomikuj.pl,freevideo.cz,scamadviser.com,mttbsystem.com,top-channel.tv,vodafone.es,websitemagazine.com,moikrug.ru,sleazyneasy.com,hf365.com,winzip.com,alaan.tv,pornomovies.com,xfwed.com,webmotors.com.br,huffingtonpost.de,bangbros.com,curse.com,cvs.com,passarela.com.br,linguee.com,virginmedia.com,hsbc.com.br,zbigz.com,whois.net,zoominfo.com,motor.ru,shopzilla.com,indiafreestuff.in,trovit.com.mx,huffingtonpost.co.uk,money.pl,guiamais.com.br,bancopopular.es,huffingtonpost.ca,e-rewards.com,huffingtonpost.jp,dumpert.nl,zdf.de,emirates.com,ign.com,alsacreations.com,160by2.com,dardarkom.com,gametracker.com,hostinger.ru,uniqlo.com,lg.com,payu.in,linguee.de,excite.co.jp,seocheki.net,ntv.ru,vitaminl.tv,pravda.ru,theweek.com,
jQuery:1.6.3,80,sbs.com.au,duden.de,go.com,unesco.org,amateur.tv,gettyimages.com,ox.ac.uk,rutgers.edu,geforce.com,lequipe.fr,berlin1.de,almogaz.com,zakon.kz,greatist.com,priyo.com,gatech.edu,homestead.com,takepart.com,smarturl.it,nsw.gov.au,smartbrief.com,boingboing.net,smosh.com,flurry.com,niazpardaz.com,ecuavisa.com,seobook.com,unc.edu,hillnews.com,lolesports.com,taboola.com,smsvongesternnacht.de,miui.com,adsoftheworld.com,shopatron.com,hollyscoop.com,newsbomb.gr,blinklist.com,eluniverso.com,comdirect.de,muscleandfitness.com,textbroker.com,omelete.uol.com.br,sltrib.com,gorillavid.in,bronto.com,inmotionhosting.com,shape.com,arizona.edu,philstar.com,upi.com,hotmart.com.br,duke.edu,subscribe.ru,technologyreview.com,scholastic.com,anadolu.edu.tr,bannersnack.com,radiko.jp,mensfitness.com,advertise.com,sxsw.com,ictv.ua,mentalfloss.com,aamaadmiparty.org,final.ir,billboard.com,bbcgoodfood.com,wizards.com,mlssoccer.com,colorado.edu,infusionsoft.com,alliancewarfare.com,bunte.de,wolfatbestbuy.com,drupal.org,verticalresponse.com,cam.ac.uk,shangdu.com,gazzetta.gr,
jQuery:1.5.1,116,movie25.so,decathlon.fr,nova.cz,telekom.de,barbie.com,gismeteo.ua,team-bhp.com,wholefoodsmarket.com,pixeden.com,brasilescola.com,kidstaff.com.ua,clubpenguin.com,appadvice.com,rosnet.ru,gismeteo.ru,adclickxpress.com,zenfolio.com,tureng.com,ieee.org,mmgp.ru,oi.com.br,liverpoolfc.tv,starmedia.com,okazii.ro,iol.pt,gongkong.com,hrsmart.com,bubblews.com,pap.fr,notebooksbilliger.de,italki.com,batepapo.uol.com.br,offervault.com,sketchup.com,vidtomp3.com,flurry.com,vatanim.com.tr,seobuilding.ru,sap.com,elnashra.com,neverblue.com,seroundtable.com,minecraft.net,vikatan.com,france3.fr,hillnews.com,listentoyoutube.com,metropcs.com,webdesignerwall.com,quickanddirtytips.com,tvrage.com,echo.msk.ru,crunchyroll.com,ec21.com,watchuseek.com,empireonline.com,fiducia.de,snapnames.com,super.ae,sify.com,ee.co.uk,rbc.ru,ufl.edu,searchengines.ru,juntadeandalucia.es,123rf.com,franceinfo.fr,pop-music.ir,earthlink.net,mitele.es,alaan.tv,wsj.com,collegeboard.org,nuvid.com,yepme.com,azyya.com,duke.edu,watchever.de,asu.edu,pogo.com,adbkm.com,advertise.com,tu.tv,drtuber.com,cyberlink.com,hubpages.com,collective-evolution.com,france2.fr,spinrewriter.com,condenast.com,gameforge.com,eloqua.com,01net.com,volusion.com,namnak.com,el-ahly.com,toysrus.com,tableausoftware.com,hootsuite.com,lulu.com,timeout.com,cosme.net,torrentino.com,appnexus.com,popads.net,roku.com,movie4k.to,leadpages.net,match.com,startv.in,meetic.fr,renfe.es,clickindia.com,fourseasons.com,francetv.fr,seomastering.com,
jQuery:1.4.3,58,gocomics.com,redsurf.ru,screencast-o-matic.com,elsevier.com,bnpparibas.net,equifax.com,creativecommons.org,tomtom.com,wdc.com,turkcealtyazi.org,zakon.kz,qatarairways.com,beyondtherack.com,gsm.ir,alfajertv.com,empowernetwork.com,globaltestmarket.com,sinembargo.mx,giallozafferano.it,pulse.ng,bidorbuy.co.za,blick.ch,zi-m.com,nexusmods.com,ecvv.com,filmifullizle.com,neverblue.com,proceso.com.mx,vikatan.com,corbisimages.com,hornbunny.com,sonymobile.com,almesryoon.com,tribune.com,coachfactory.com,leguide.com,sleazyneasy.com,freewebcams.com,skybet.com,1mobile.com,comodo.com,hollywoodreporter.com,themarker.com,centurylink.com,rtl.de,yourtv.com.au,aristeguinoticias.com,eloqua.com,wigetmedia.com,bancopopular.es,chinanews.com,rubiconproject.com,extranetinvestment.com,webopedia.com,infonews.com,ultimate-guitar.com,peopledaily.com.cn,publico.pt,
jQuery:1.4.4,215,alternet.org,indiatimes.com,gocomics.com,amazinglytimedphotos.com,duden.de,go.com,spoonful.com,tornn-tv.com,dallasnews.com,jcpenney.com,byu.edu,team-bhp.com,recipdonor.com,codeplex.com,dnfight.com,dmv.org,rutgers.edu,post-gazette.com,playxn.com,joystiq.com,faz.net,blackboard.com,berlin1.de,tuoitre.vn,newsday.com,zwinky.com,sport.pl,baomihua.com,adclickxpress.com,flexmls.com,priyo.com,beva.com,snn.ir,milliyet.tv,banamex.com,seneweb.com,gatech.edu,2shared.com,interia.pl,timetrade.com,orange.co.uk,epicurious.com,windowsphone.com,povarenok.ru,typepad.com,pinoy-ako.info,prnewswire.com,b92.net,investopedia.com,fok.nl,localmoxie.com,artlebedev.ru,edx.org,yaplakal.com,appthemes.com,bsnl.in,smartbrief.com,xgo.com.cn,meb.gov.tr,stirileprotv.ro,unfranchise.com.tw,contactmusic.com,offervault.com,lostfilm.tv,gandalfporn.com,uuu9.com,nikkansports.com,telstra.com.au,mastercard.com.au,infotop.jp,mobinnet.ir,independent.co.uk,ninja.co.jp,babble.com,ecuavisa.com,tarad.com,seobook.com,sakura.ne.jp,echoroukonline.com,jrj.com.cn,jeanmarcmorandini.com,football365.com,deser.pl,taboola.com,minhavida.com.br,startribune.com,cnmo.com,smsvongesternnacht.de,torntv-tvv.org,britishcouncil.org,adsoftheworld.com,uspto.gov,reviewjournal.com,mobiledia.com,webmoney.ru,sagepay.com,cams.com,whatwpthemeisthat.com,oreilly.com,banamex.com.mx,goarticles.com,tokfm.pl,picstopin.com,ocnk.net,jpn.org,motogp.com,blinklist.com,vancouversun.com,bc.vc,eluniverso.com,insideview.com,hdwallpapers.in,trafficfactory.biz,cnsnews.com,ilbe.com,booking.com,textbroker.com,nujij.nl,onlineprnews.com,mcafeesecure.com,gofuckbiz.com,startertv.fr,abduzeedo.com,philly.com,rtl2.de,coral.co.uk,excelsior.com.mx,holidayiq.com,cinetux.org,attracta.com,scmp.com,psu.edu,rei.com,aawsat.com,ctvnews.ca,augsburger-allgemeine.de,mcafee.com,ennaharonline.com,verisign.com,sacbee.com,criteo.com,h2porn.com,hafiz.gov.sa,baltimoresun.com,philstar.com,skorer.tv,digitalriver.com,1hai.cn,technologyreview.com,wizaz.pl,lankadeepa.lk,scholastic.com,sharebuilder.com,stltoday.com,huawei.com,anadolu.edu.tr,seoprofiler.com,anyporn.com,runnersworld.com,advertise.com,ckeditor.com,ubuntu-fr.org,zn.ua,vagas.com.br,rr.com,publix.com,mnn.com,bellemaison.jp,cntraveler.com,plotek.pl,indiblogger.in,nnm.me,peoplesmart.com,m4.cn,turner.com,weathernews.jp,ysear.ch,wmtransfer.com,eazel.com,orlandosentinel.com,classicrummy.com,clickansave.net,weblio.jp,designfloat.com,utarget.ru,360doc.com,sbb.ch,ihotelier.com,interaztv.com,brandsoftheworld.com,roodo.com,supersonicads.com,wizards.com,exchanger.ru,deccanchronicle.com,colorado.edu,net4.in,atlantico.fr,routard.com,qadabra.com,wa.gov.au,dospy.com,epweike.com,index.hr,newsbusters.org,comdotgame.com,asiaone.com,drupal.org,24sata.hr,nationalpost.com,abakus-internet-marketing.de,standard.co.uk,gazeta.pl,phimvang.com,peyvandha.ir,
jQuery:1.4,52,alternet.org,gameninja.com,entropay.com,equifax.com,getfirebug.com,avg.com,tradepub.com,commentcamarche.net,freakshare.com,povarenok.ru,homestead.com,albayan.ae,macmillandictionary.com,fextralife.com,www.nhs.uk,wallsave.com,plus28.com,cyberpresse.ca,contenko.com,1tv.ru,norton.com,lowyat.net,techbargains.com,mandatory.com,ucdavis.edu,internetretailer.com,vogella.com,megashare.info,jamejamonline.ir,ansa.it,sabayacafe.com,absa.co.za,hi-chic.com,megashare.sh,cadenaser.com,grindtv.com,beachbody.com,cancer.org,moskva.fm,dramafever.com,emirates247.com,avsforum.com,webpagetest.org,gouv.qc.ca,lyd.com.cn,bancopopular.es,zigwheels.com,stockcharts.com,gaana.com,accuweather.com,brandyourself.com,inbound.org,
jQuery:1.3,431,eveonline.com,telecinco.es,politiken.dk,shopmania.ro,menshealth.com,50onred.com,vitacost.com,modelmayhem.com,comscore.com,mywebgrocer.com,movshare.net,nichepursuits.com,flyeralarm.com,mysitemyway.com,elsevier.com,shufoo.net,xl.co.id,tornn-tv.com,cj.com,audiopoisk.com,foxnews.com,jcpenney.com,amateur.tv,mamaclub.com,infobae.com,fandango.com,icc-cricket.com,jn.pt,mp3.es,lebuteur.com,authorize.net,creativecommons.org,buddypress.org,brasilescola.com,neimanmarcus.com,potins.net,comingsoon.net,seoclerk.com,postplanner.com,alison.com,sky.it,themefuse.com,twicsy.com,toyokeizai.net,segodnya.ua,almogaz.com,designmodo.com,food52.com,slate.fr,euro.com.pl,elwatan.com,zakon.kz,society6.com,instaforex.com,rabota.ru,sierratradingpost.com,torg.com,zamalekfans.com,adclickxpress.com,98ia.com,appcelerator.com,buildhr.com,speedtest.net,toryburch.com,telecomitalia.it,forbes.ua,virtualtourist.com,ithemes.com,xojane.com,freshbooks.com,quondos.com,thomann.de,tradepub.com,liverail.com,hotnews.ro,bollywoodhungama.com,monotaro.com,vpls.net,searchquotes.com,itworld.com,hyundai.com,html.it,levif.be,teasernet.com,jobisjob.co.in,glispa.com,ticksy.com,purdue.edu,homestead.com,gsm.ir,paixie.net,saturn.de,kannaway.com,adk2.com,callandput.com,alfajertv.com,meritnation.com,wunderweib.de,wikidot.com,anandabazar.com,vectorstock.com,avast.com,desjardins.com,marriott.com,yourstory.com,webdesignerdepot.com,play.pl,akhbarmasryah.com,iol.pt,ait-themes.com,awd.ru,afl.com.au,chevrolet.com,investopedia.com,crakrevenue.com,key.com,careerlink.vn,sinembargo.mx,dailycaller.com,gametrailers.com,letsbonus.com,longtailvideo.com,hrsmart.com,skrill.com,v7n.com,unbounce.com,ppvguru.com,lds.org,carfax.com,appthemes.com,fextralife.com,cuatro.com,mediamarkt.de,seoclerks.com,pimei.com,garanti.com.tr,stream2watch.me,cbr.ru,politico.com,greenpeace.org,smartinsights.com,smosh.com,matomy.com,sky.fm,bni.co.id,publico.es,flurry.com,heteml.jp,talkfusion.com,goodlayers.com,irr.ru,nexusmods.com,mobinnet.ir,plus28.com,carsensor.net,alexa.com,rusfolder.com,cpasbien.me,mysavingsmedia.net,ojogo.pt,sap.com,confirmit.com,kinogo.net,clickz.com,neverblue.com,nbc.com,stoloto.ru,mbok.jp,te3p.com,fiverr.com,hosteurope.de,smartaddons.com,se.pl,paris.fr,powtoon.com,techbargains.com,bollywoodlife.com,france3.fr,mtv.com,raywenderlich.com,realgm.com,gostorego.com,frontier.com,notebookreview.com,wetransfer.com,aljaras.com,laiguana.tv,indowebster.com,runrun.es,mckinsey.com,rai.it,irishtimes.com,torntv-tvv.org,razerzone.com,brobible.com,adsoftheworld.com,uspto.gov,elaph.com,pcmag.com,internetretailer.com,piktochart.com,koimoi.com,zoomit.ir,canadiantire.ca,yammer.com,el-nacional.com,katespade.com,crunchyroll.com,lululemon.com,nediyor.com,layalina.com,who.is,poste.it,sendgrid.com,guyism.com,pakwheels.com,gigya.com,jpn.org,ilgiornale.it,tabelog.com,t-online.de,valuecommerce.ne.jp,peerfly.com,yicheshi.com,insideview.com,tempo.co,instyle.com,megashare.info,flightaware.com,booking.com,caclubindia.com,cleverreach.com,finishline.com,cornell.edu,cleanfiles.net,economist.com,sweetpacks.com,lavanguardia.com,clickjogos.uol.com.br,govdelivery.com,tecmundo.com.br,ubi.com,omelete.uol.com.br,babal.net,diamond.jp,scmp.com,utoronto.ca,socialfabric.us,live365.com,kauppalehti.fi,thethao247.vn,mobafire.com,coachfactory.com,truelife.com,clien.net,autoc-one.jp,computerworld.com,megashare.sh,amctv.com,mediabistro.com,mightydeals.com,fresherslive.com,blogcms.jp,worldmarket.com,state.gov,michaels.com,moviefone.com,iqoption.com,blocket.se,criteo.com,theme-fusion.com,elheddaf.com,cwtv.com,beachbody.com,tripod.com,arizona.edu,abendzeitung-muenchen.de,zulily.com,moskva.fm,digitalriver.com,idg.se,pornomovies.com,jwplayer.com,channelnewsasia.com,droid-life.com,lapatilla.com,webmotors.com.br,aftermarket.pl,mundodeportivo.com,haaretz.com,amd.com,marksandspencer.com,dealshark.com,comenity.net,sweetim.com,propakistani.pk,worldcat.org,aktualne.cz,seoprofiler.com,netsuite.com,radiko.jp,cargurus.com,hollywoodreporter.com,zhifang.com,blog.jp,lasexta.com,dealguardian.com,fussball.de,trafficshop.com,three.co.uk,tinhte.vn,alquds.co.uk,itau.com.br,rtl.de,viber.com,alriyadh.com,ckeditor.com,forbes.com,fumu.com,hsbc.com.br,cdbaby.com,cyberlink.com,pearsonmylabandmastering.com,bitrix24.ru,zn.ua,cpasbien.com,webpagetest.org,vagas.com.br,n4hr.com,mvideo.ru,laweekly.com,3suisses.fr,unity3d.com,linksmanagement.com,xdating.com,correos.es,landsend.com,virginmobileusa.com,bwin.es,usa.gov,condenast.com,blog.hu,upworthy.com,who.int,yithemes.com,addmefast.com,instantcheckmate.com,foxbusiness.com,theoutnet.com,petflow.com,fangraphs.com,korabia.com,joblo.com,j-cast.com,cloudify.cc,bokra.net,okaz.com.sa,designwall.com,cisionpoint.com,clickansave.net,freewebsitetemplates.com,rtbsystem.com,kaspersky.com,d1g.com,businessinsider.com,t411.me,ihotelier.com,yengo.com,startpagina.nl,zulagames.com,interaztv.com,eprize.com,advego.ru,seesaa.net,almasryalyoum.com,coub.com,penny-arcade.com,zdf.de,bcsh.com,gamekult.com,linkresearchtools.com,sofort.com,mailjet.com,divxstage.eu,royalmail.com,semana.com,extranetinvestment.com,mosaiquefm.net,dinos.co.jp,aramex.com,fishwrapper.com,svt.se,roku.com,elitepvpers.com,pokerstrategy.com,nbcsports.com,bunte.de,zonealarm.com,syshl.com,postjoint.com,nicovideo.jp,tech-wd.com,screenr.com,stamps.com,uniqlo.com,fout.jp,avantlink.com,bu.edu,tinychat.com,comicbookresources.com,youngliving.us,webgains.com,mdpr.jp,stansberryresearch.com,taxheaven.gr,elbilad.net,net.hr,fujitsu.com,zedo.com,brandyourself.com,tnr.com,a2hosting.com,popscreen.com,outbrain.com,javascript.ru,101greatgoals.com,peyvandha.ir,baur.de,mbc.net,sedty.com,woot.com,
jQuery:1.2,167,sedo.com,eveonline.com,otto.de,politiken.dk,airliners.net,menshealth.com,pipl.com,nichepursuits.com,nova.cz,sbs.com.au,jn.pt,ninemsn.com.au,wholefoodsmarket.com,hln.be,dramasonline.com,jobsite.co.uk,o2online.de,persiantools.com,expertreviews.co.uk,infoworld.com,instaforex.com,sedo.de,giantbomb.com,allhiphop.com,91jm.com,thomann.de,klamm.de,bollywoodhungama.com,academia.edu,gfy.com,commentcamarche.net,espncricinfo.com,abs-cbnnews.com,levif.be,gulfnews.com,alfajertv.com,albayan.ae,nsw.gov.au,boston.com,km.ru,yourstory.com,showhaber.com,gravityforms.com,prnewswire.com,mubasher.info,key.com,dkb.de,dailycaller.com,kurir-info.rs,ppvguru.com,fextralife.com,cyclingnews.com,demorgen.be,ad.nl,ally.com,www.nhs.uk,4399.com,selfgrowth.com,rosbalt.ru,kienthuc.net.vn,smartsheet.com,kommersant.ru,heteml.jp,talkfusion.com,villagevoice.com,cyberpresse.ca,cinematoday.jp,mysavingsmedia.net,delish.com,ojogo.pt,unc.edu,timeweb.ru,collegeconfidential.com,blic.rs,raywenderlich.com,vice.com,corbisimages.com,aljaras.com,tvn.pl,rai.it,live24.gr,metropcs.com,dlvr.it,washingtonpost.com,poste.it,pc6.com,trafficfactory.biz,caclubindia.com,carrefour.fr,bayt.com,clickjogos.uol.com.br,omelete.uol.com.br,scmp.com,forbes.ru,brightcove.com,absa.co.za,live365.com,thethao247.vn,ctvnews.ca,autoc-one.jp,wired.co.uk,amctv.com,vodafone.de,mcafee.com,verisign.com,theme-fusion.com,weatherbug.com,aporrea.org,azyya.com,latercera.cl,contentmarketinginstitute.com,echomsk.spb.ru,standardmedia.co.ke,telmex.com,vogue.co.uk,dir.bg,asu.edu,classifiedsgiant.com,525j.com.cn,sophos.com,gamespot.com,ekantipur.com,rtl.de,emirates247.com,hsbc.com.br,overclockers.ru,mediafax.ro,lexpress.fr,mvideo.ru,xdating.com,futbol24.com,virginmobileusa.com,focus.de,condenast.com,impress.co.jp,pp.cc,aamaadmiparty.org,geotrust.com,korabia.com,zive.cz,wmj.ru,lyd.com.cn,365jia.cn,lifehacker.ru,trendcounter.com,hbo.com,thestar.com,springer.com,elnuevoherald.com,ksl.com,comicvine.com,ole.com.ar,siol.net,geek.com,infusionsoft.com,orf.at,bunte.de,imujer.com,tengrinews.kz,postjoint.com,w3layouts.com,ixbt.com,7sur7.be,sedo.co.uk,elbilad.net,volkskrant.nl,theweek.com,
jQuery:1.1,216,1111.com.tw,menshealth.com,gay.com,urdupoint.com,twilio.com,gobizkorea.com,ihned.cz,nichepursuits.com,duden.de,go.com,testberichte.de,mysitemyway.com,elsevier.com,adweek.com,cj.com,ekstrabladet.dk,coinmarketcap.com,jn.pt,mp3.es,sportbox.ru,liveinternet.ru,clubpenguin.com,rutgers.edu,expertreviews.co.uk,bittorrent.com,nme.com,gossip-tv.gr,uscourts.gov,sba.gov,eurosport.fr,instaforex.com,smarty.net,n-tv.de,giantbomb.com,gravatar.com,oregonlive.com,bollywoodhungama.com,androidpit.com,itworld.com,optimum.net,kingstone.com.tw,nola.com,t-mobile.com,alfavita.gr,wikidot.com,forvo.com,shoptime.com.br,dealmoon.com,mobile9.com,edis.at,finam.ru,lacentrale.fr,hrsmart.com,sidereel.com,okwave.jp,topcashback.co.uk,carfax.com,prosport.ro,smartbrief.com,cbr.ru,vancl.com,greenpeace.org,fnac.com,smosh.com,matomy.com,zacks.com,standardchartered.co.in,weather.com,mastercard.com.au,plus28.com,alexa.com,haaretz.co.il,ecvv.com,worldtimebuddy.com,mysavingsmedia.net,bell.ca,ecuavisa.com,ojogo.pt,dlink.com,maxim.com,wannonce.com,proceso.com.mx,sprint.com,nur.kz,hillnews.com,frontier.com,aljaras.com,impressrd.jp,hornbunny.com,mckinsey.com,mlive.com,mozilla.org,wondershare.com,uspto.gov,internetretailer.com,koimoi.com,sagepay.com,pcinpact.com,gigabyte.com,crunchyroll.com,lululemon.com,layalina.com,jpn.org,blinklist.com,eluniverso.com,boots.com,bellanaija.com,day.az,carrefour.fr,castorama.fr,cleanfiles.net,rbc.ru,exoclick.com,litmus.com,omelete.uol.com.br,foodgawker.com,excelsior.com.mx,psu.edu,marthastewart.com,alraimedia.com,popsugar.com,coachfactory.com,wired.co.uk,apec.fr,cryptsy.com,verisign.com,njuskalo.hr,bronto.com,netcoc.com,mozilla.com,atlassian.com,dietnavi.com,hotpads.com,cancer.org,canadapost.ca,azyya.com,utorrent.com,privatbank.ua,droid-life.com,webmotors.com.br,frandroid.com,scholastic.com,vogue.co.uk,b5m.com,series.ly,heritage.org,gamespot.com,themarker.com,trafficshop.com,rtl.de,semrush.com,miralinks.ru,er1234.com,hsbc.com.br,bgr.com,nj.com,mediafax.ro,utah.gov,igma.tv,vagas.com.br,d1net.com,buxp.org,futbol24.com,sony.jp,buzztheme.net,foxnewsinsider.com,fitsugar.com,al.com,geotrust.com,fangraphs.com,mt5.com,msnbc.com,turner.com,techradar.com,myfact.tv,arioo.com,say-move.org,plugrush.com,eazel.com,hurriyetemlak.com,zoomby.ru,trojmiasto.pl,eonet.jp,vogue.es,billboard.com,express.com,accorhotels.com,eurosport.ru,androidpit.de,comicvine.com,online.net,cleveland.com,deccanchronicle.com,atlantico.fr,appnexus.com,ibtimes.com,aramex.com,canalrcnmsn.com,dospy.com,postjoint.com,military.com,ireporterstv.co,fanhuan.com,yourtango.com,wnd.com,accuweather.com,goodreads.com,newrelic.com,bettycrocker.com,webgains.com,nps.gov,malaysiaairlines.com,fujitsu.com,syracuse.com,publico.pt,overthumbs.com,
jQuery:1.6,35,dinakaran.com,ubersuggest.org,hupu.com,punjabkesari.in,abs-cbnnews.com,shopyourway.com,optimizely.com,band.uol.com.br,gossiplankanews.com,rg.ru,internetmarketingninjas.com,cda.pl,unfranchise.com.tw,vueling.com,jmw.com.cn,sogou.com,bollywoodlife.com,express.pk,pronto.com,mybloggertricks.com,umd.edu,kabum.com.br,webbirga.net,flightradar24.com,andhrajyothy.com,deadline.com,comenity.net,downloadatoz.com,eenadupratibha.net,cyberlink.com,yithemes.com,womansday.com,zigwheels.com,netdoctor.co.uk,infonews.com,
jQuery:1.5,33,howtoforge.com,hubspot.com,dreamincode.net,nsw.gov.au,molotok.ru,notebooksbilliger.de,jagranjosh.com,mystart.com,pagina12.com.ar,imagebam.com,tubeplus.me,mobinnet.ir,seroundtable.com,smartaddons.com,promosite.ru,liquidweb.com,internetretailer.com,sharebeast.com,michigan.gov,notepad-plus-plus.org,aukro.cz,soccer.ru,garmin.com,creativebloq.com,igma.tv,startv.com.tr,theoutnet.com,say-move.org,zanox.com,aukro.ua,kddi.com,epweike.com,geni.com,
jQuery:1.3.1,66,vesti.ru,thewrap.com,kohls.com,amateur.tv,tigerair.com,fandango.com,hubspot.net,goodsearch.com,moheet.com,pimpandhost.com,tradekorea.com,megasesso.com,gulfnews.com,harborfreight.com,dominos.com,zippyshare.com,shoptime.com.br,play.pl,nyu.edu,catalunyacaixa.com,unbounce.com,svpressa.ru,sinarharian.com.my,hawkhost.com,cokeandpopcorn.ch,linkvehicle.com,cnnamador.com,nur.kz,postbank.de,ser-mujer.org,registro.br,canadiantire.ca,flvto.com,noticiasdatv.uol.com.br,scamadviser.com,empireonline.com,kdnet.net,day.az,economist.com,muji.net,tomnod.com,rei.com,amctv.com,eldiariodeamerica.com,vodafone.de,trafficholder.com,openerp.com,vogue.co.uk,alriyadh.com,share-online.biz,yenisafak.com.tr,naij.com,xdating.com,gameforge.com,who.int,k618.cn,thinkgeek.com,adfoc.us,startpagina.nl,wat.tv,stamps.com,comicbookresources.com,15min.lt,malaysiaairlines.com,icefilms.info,baur.de,
jQuery:1.3.2,179,51job.com,mail2web.com,menshealth.com,iheart.com,hlntv.com,vui.vn,fobshanghai.com,telegrafi.com,fazenda.gov.br,entropay.com,thepostgame.com,crsky.com,x-ho.com,equifax.com,feelcars.com,wordhippo.com,hubspot.net,gimp.org,glamsham.com,persiantools.com,tomtom.com,tinypic.com,euro.com.pl,dailyfx.com,jobdiagnosis.com,infoworld.com,instaforex.com,tvb.com,rakuten-bank.co.jp,levi.com,vinescope.com,suomi24.fi,dailystrength.org,monotaro.com,reformal.ru,privatejobshub.blogspot.in,jino.ru,2dbook.com,adp.com,zetaboards.com,mega-juegos.co,globalpost.com,dressupgamesite.com,ccidcom.com,akhbarmasryah.com,nyu.edu,rbc.cn,ppomppu.co.kr,pixroute.com,dilbert.com,k12.com,prensalibre.com,asda.com,lolipop.jp,laprensa.com.ni,diretube.com,bsnl.in,mcdonalds.com,xinhua.jp,cokeandpopcorn.ch,selfgrowth.com,forum-auto.com,keywordspy.com,ucoz.com,ascii.jp,smartsheet.com,share-links.biz,honda.com,everychina.com,tubeplus.me,thenews.com.pk,cinejosh.com,talkfusion.com,linksys.com,fastpic.ru,fatakat.com,stubhub.com,ikyu.com,yabancidiziizle1.com,desi-tashan.com,voyages-sncf.com,sprint.com,register.com,sun-sentinel.com,51.com,adworkmedia.com,blic.rs,cian.ru,ladbrokes.com,gandul.info,motherjones.com,trafficestimate.com,bmo.com,teslamotors.com,straitstimes.com,socialmediatoday.com,nolo.com,jpnn.com,hdwallpapers.in,boots.com,periodistadigital.com,ciudad.com.ar,adlandpro.com,sbicard.com,castorama.fr,cleverreach.com,ghanaweb.com,economist.com,cio.com,diamond.jp,forbes.ru,pideo.net,tom.com,clien.net,autoc-one.jp,computerworld.com,pureleverage.com,docin.com,whitehouse.gov,pcfinancial.ca,baltimoresun.com,bravotv.com,dietnavi.com,yepme.com,weatherbug.com,womenshealthmag.com,2domains.ru,xrea.com,register.it,gree.jp,checkpagerank.net,moneynews.com,gongchang.com,prevention.com,speckyboy.com,farfesh.com,halifax.co.uk,friendfeed.com,weather.com.cn,creativebloq.com,mediafax.ro,sudinfo.be,peopleclick.com,freep.com,agoda.com,eversave.com,himado.in,classmates.com,antena3.ro,j-cast.com,elimparcial.com,wmj.ru,orlandosentinel.com,newsmax.com,lesoir.be,blox.pl,ucoz.ru,mlssoccer.com,royalmail.com,chicagotribune.com,sabq.org,flashkhor.com,mywork.vn,lidovky.cz,zonealarm.com,imujer.com,hawaaworld.com,newsbusters.org,syshl.com,zerohedge.com,asiaone.com,gigporno.com,yourtango.com,bmi.ir,yamaha.com,fujitsu.com,popscreen.com,renewalcoupons.com,baur.de,
jQuery:1.0,185,sedo.com,modelmayhem.com,prisjakt.nu,wallbase.cc,flyeralarm.com,noaa.gov,nikkeibp.co.jp,tigerair.com,gismeteo.ua,jn.pt,sportbox.ru,jobsite.co.uk,barclays.co.uk,rutgers.edu,wdc.com,printvenue.com,gismeteo.ru,sport.pl,sedo.de,beitaichufang.com,rakuten-bank.co.jp,123telugu.com,telecomitalia.it,pgatour.com,bootply.com,academia.edu,argaam.com,itworld.com,timetrade.com,lloydsbank.co.uk,suntimes.com,t-mobile.com,cargocollective.com,afterbuy.de,nsw.gov.au,zippyshare.com,avast.com,turbobit.net,netmums.com,finam.ru,ukr.net,tuxboard.com,key.com,sidereel.com,freenet.de,lowendtalk.com,cbr.ru,vueling.com,smartsheet.com,sketchup.com,112.ua,kommersant.ru,standardchartered.co.in,uuu9.com,tsn.ua,2ememain.be,rtbf.be,allkpop.com,appsumo.com,aif.ru,lenovo.com,cyberpresse.ca,mysavingsmedia.net,2dehands.be,ojogo.pt,1tv.ru,mamsy.ru,wangtu.com,freeforums.org,thestreet.com,reallifecam.com,blic.rs,lavenir.net,realgm.com,jeanmarcmorandini.com,deser.pl,taboola.com,groupon.com,indiewire.com,glavred.info,newegg.com,fast-torrent.ru,lohaco.jp,canadiantire.ca,ads8.com,yammer.com,crunchyroll.com,techpowerup.com,eurosport.com,nvidia.com,tokfm.pl,timeslive.co.za,gigya.com,blinklist.com,tv-series.me,abplive.in,finya.de,moo.com,economist.com,shareaholic.com,porsche.com,dcinside.com,onmeda.de,iltasanomat.fi,j-sen.jp,jsoftj.com,ing.be,squirt.org,autoc-one.jp,amctv.com,webbirga.net,joomlacode.org,bronto.com,criteo.com,techgig.com,proboards.com,philstar.com,azyya.com,zulily.com,hmetro.com.my,bt.com,haaretz.com,deloitte.com,lloydsbank.com,scholastic.com,vogue.co.uk,easyhits4u.com,6play.fr,seoprofiler.com,radiko.jp,petsmart.com,themarker.com,tinhte.vn,hsbc.com.br,theknot.com,share-online.biz,mirrorcreator.com,linksmanagement.com,xdating.com,tagesanzeiger.ch,mentalfloss.com,focus.de,mass.gov,plotek.pl,mp3monkey.net,aleseriale.pl,wmj.ru,plugrush.com,okaz.com.sa,rankingsandreviews.com,yemeksepeti.com,billboard.com,tukif.com,pantip.com,adroll.com,fancy.com,accorhotels.com,uploading.com,coub.com,wallstcheatsheet.com,vmware.com,mlssoccer.com,link-assistant.com,deccanchronicle.com,beinsports.net,pokerstrategy.com,bunte.de,zonealarm.com,military.com,meetic.fr,ecwid.com,gigporno.com,uniqlo.com,taste.com.au,accuweather.com,chelseafc.com,newrelic.com,vgorode.ua,fcbarcelona.com,sedo.co.uk,webaslan.com,justclick.ru,gazeta.pl,mbc.net,quicksprout.com,
jQuery:1.5.2,78,goo.ne.jp,matchendirect.fr,sadistic.pl,kijiji.ca,daisycon.com,hardware.fr,531314.com,katestube.com,almogaz.com,dailyfx.com,firstdirect.com,olxpix.com,hotnews.ro,crosswalk.com,wallstreet-online.de,suntimes.com,adp.com,verseriesynovelas.com,gry-online.pl,nnm-club.me,nukistream.com,todaoferta.uol.com.br,labirint.ru,laprensa.com.ni,pjmedia.com,dailykos.com,iqoo.me,yale.edu,xinmin.cn,ebc.com.br,euronews.com,romedic.ro,gadyd.com,ethnos.gr,web-hosting.com,wn.com,flypgs.com,timeslive.co.za,ilgiornale.it,motogp.com,opensiteexplorer.org,megashare.info,sweetpacks.com,btemplates.com,tweepi.com,gumtree.pl,fatwallet.com,megashare.sh,bukkit.org,fetishshrine.com,thefreecamsecret.com,state.gov,list.ru,nus.edu.sg,sacbee.com,cric.lk,channelnewsasia.com,akairan.com,centurylink.com,miralinks.ru,trafficswarm.com,mentalfloss.com,flashx.tv,hankyung.com,titanfall.com,panoramio.com,toysrus.com,cs-cart.com,att.com,zdf.de,blankrefer.com,allafrica.com,powned.tv,chelseafc.com,cam.ac.uk,ixwebhosting.com,alhayat.com,clicksor.com,
jQuery:1.4.1,74,airliners.net,doublepimp.com,wetpaint.com,in.com,youwatch.org,girlsplay.com,hurriyet.com.tr,pixeden.com,ubersuggest.org,instaforex.com,elcorreo.com,bootply.com,thomann.de,cpanel.net,yourlust.com,komando.com,epicurious.com,ftc.gov,ut.ac.ir,markets.com,line25.com,lvmama.com,webappers.com,memuruz.net,lolipop.jp,hawahome.com,wrike.com,hotnigerianjobs.com,teamtreehouse.com,ecuavisa.com,ideal.es,godaddy.com,dailythanthi.com,internetlifestylenetwork.com,marketingprofs.com,tabelog.com,adac.de,economist.com,sportschau.de,lainformacion.com,forbes.ru,autoc-one.jp,101domain.com,freewebcams.com,gophoto.it,gendama.jp,apec.fr,njuskalo.hr,hotpads.com,battlefield.com,liex.ru,thestudentroom.co.uk,moneynews.com,libsyn.com,cibc.com,talabat.com,sudinfo.be,digikey.com,vrisko.gr,appgame.com,informationweek.com,avis.com,geotrust.com,autonews.ru,yuku.com,mycokerewards.com,newsmax.com,uppit.com,boredpanda.com,thebump.com,pcgameshardware.de,tenki.jp,drupal.org,cinemablend.com,
jQuery:1.4.2,288,mgid.com,shopmania.ro,modelmayhem.com,autosottocosto.com,flyeralarm.com,verywed.com,in.com,managewp.com,muslima.com,youwatch.org,trendmicro.com,miniclip.com,dinodirect.com,icq.com,jn.pt,seesaa.jp,r2games.com,liveinternet.ru,wiley.com,postplanner.com,couriermail.com.au,post-gazette.com,filmon.com,webdunia.com,seamless.com,iminent.com,segodnya.ua,master-x.com,socialadr.com,terafile.co,smarty.net,98ia.com,tupaki.com,beppegrillo.it,lijit.com,angelfire.com,tradepub.com,cima4u.com,unionbankph.com,biglion.ru,searchquotes.com,argaam.com,itworld.com,teasernet.com,purdue.edu,spin.com,hugefiles.net,aljazeera.net,cargocollective.com,alnaddy.com,newsnow.co.uk,ccidcom.com,akismet.com,play.pl,edis.at,socialspark.com,gravityforms.com,suumo.jp,catalunyacaixa.com,sidereel.com,stern.de,dailytelegraph.com.au,vporn.com,kia.com,sinarharian.com.my,ayudawordpress.com,rentalcars.com,bls.gov,cda.pl,usda.gov,toucharcade.com,gamasutra.com,keywordspy.com,112.ua,moreofit.com,folkd.com,vidbull.com,tsn.ua,wallsave.com,jetblue.com,mastercard.com.au,rtbf.be,siriusxm.com,wm-panel.com,independent.co.uk,cyberpresse.ca,zorpia.com,motika.com.mk,worldtimebuddy.com,cinematoday.jp,delish.com,ojogo.pt,bigpicture.ru,all-union.com,wangtu.com,clickz.com,tarad.com,neverblue.com,yidio.com,egyup.com,minecraft.net,paris.fr,rodfile.com,timeweb.ru,ce.cn,sun-sentinel.com,telegraph.co.uk,imgspice.com,jumei.com,cian.ru,stomp.com.sg,indiatvnews.com,regions.com,football365.com,runrun.es,uploadboy.com,mckinsey.com,rai.it,spielaffe.de,jiayuan.com,indiewire.com,soku.com,societegenerale.fr,glavred.info,meganovosti.net,thehindubusinessline.com,youlikehits.com,lohaco.jp,hollyscoop.com,indgovtjobs.in,betfair.com,in.gov,watchfreemovies.ch,profit-partner.ru,eurosport.com,mp3rhino.com,pc6.com,rakuten.co.jp,epochtimes.com,kdnet.net,bongda.com.vn,dmir.ru,vodafone.es,labanquepostale.fr,monografias.com,blogdetik.com,castorama.fr,jamejamonline.ir,paruvendu.fr,sportschau.de,uplod.ir,onetravel.com,fileom.com,ilcorsaronero.info,cathaypacific.com,rollingstone.com,tnt.com,nudevista.com,iltasanomat.fi,gnavi.co.jp,spankbang.com,tradedoubler.com,babylon.com,ah-me.com,mightydeals.com,princeton.edu,fh21.com.cn,utro.ru,blocket.se,criteo.com,clipconverter.cc,beachbody.com,xovi.de,bestblackhatforum.com,latercera.cl,soufun.com,echomsk.spb.ru,tvmao.com,haaretz.com,dealshark.com,surfline.com,moneynews.com,m-w.com,hudong.com,180upload.com,cbs.com,stltoday.com,easyhits4u.com,avangate.com,tandfonline.com,xxxblackbook.com,ameba.jp,loginza.ru,lasexta.com,bitshare.com,hiphopdx.com,itau.com.br,tori.fi,nix.ru,sockshare.com,mirrorcreator.com,avsforum.com,zn.ua,svyaznoy.ru,kakaku.com,cricketcountry.com,tre.it,tagesanzeiger.ch,boardingarea.com,motor.ru,focus.de,gucci.com,ccbill.com,tusfiles.net,shaadi.com,tinmoi.vn,hasbro.com,dantri.com.vn,uhaul.com,ne10.uol.com.br,zoznam.sk,weather2umbrella.com,geotrust.com,sponsoredtweets.com,archiveofourown.org,jetbrains.com,fedoraproject.org,ivillage.com,usembassy.gov,yahoo-mbga.jp,gallup.com,orlandosentinel.com,usbank.com,webhostinghub.com,pcwelt.de,telderi.ru,rankingsandreviews.com,oxfordjournals.org,cnews.ru,d1g.com,viperchill.com,bseindia.com,biobiochile.cl,angloinfo.com,udn.com,newsmax.com,primewire.ag,kraloyun.com,ocregister.com,get-tune.net,uploading.com,submanga.com,ultimasnoticias.com.ve,sporx.com,zdf.de,bcsh.com,linkresearchtools.com,poznan.pl,ryushare.com,dpstream.net,royalmail.com,colorado.edu,uploadbaz.com,theaustralian.com.au,doda.jp,ebookbrowsee.net,wa.gov.au,vodly.to,ignou.ac.in,comments.ua,free-tv-video-online.me,hawaaworld.com,infonews.com,gigporno.com,screenr.com,cinemablend.com,fout.jp,taste.com.au,skype.com,6eat.com,icefilms.info,awesomescreenshot.com,qq163.com,brandyourself.com,xbmc.org,minikoyuncu.com,ntv.ru,sme.sk,
jQuery:1.1.3.1,1,100bestbuy.com,
jQuery:1.2.5,78,eveonline.com,telecinco.es,mysitemyway.com,shufoo.net,trendmicro.com,icq.com,recipdonor.com,neimanmarcus.com,o2online.de,milenio.com,sky.it,gossip-tv.gr,lijit.com,funweek.it,pgatour.com,cpanel.net,hotnews.ro,levif.be,alfajertv.com,p5w.net,livescience.com,starmedia.com,uploadable.ch,cosmopolitan.com,cuatro.com,hemnet.se,wrike.com,gamasutra.com,popularmechanics.com,independent.co.uk,gamestorrents.com,khabarfarsi.com,sun-sentinel.com,web-hosting.com,startribune.com,netzero.net,canadiantire.ca,az.pl,avangard.ru,newsbomb.gr,motogp.com,instyle.com,divxtotal.com,moo.com,startertv.fr,consumerreports.org,rollingstone.com,rockpapershotgun.com,elle.com,vodafone.de,vic.gov.au,baltimoresun.com,ethz.ch,cleverbridge.com,cbs.com,esquire.com,creativebloq.com,thefrisky.com,space.com,avis.com,notjustok.com,womansday.com,orlandosentinel.com,goodgamestudios.com,cs-cart.com,ara.cat,bdnews24.com,seesaa.net,mailjet.com,tipsandtricks-hq.com,net4.in,chicagotribune.com,ebookbrowsee.net,taxheaven.gr,standard.co.uk,tuttosport.com,pagemodo.com,instantteleseminar.com,
jQuery:1.2.6,106,guardianlv.com,wordstream.com,networkworld.com,psychologytoday.com,fotocommunity.de,athensvoice.gr,themefuse.com,toyokeizai.net,berlin1.de,sba.gov,ganool.com,zamalekfans.com,telecomitalia.it,marketingweek.co.uk,searchquotes.com,abs-cbnnews.com,citilink.ru,spin.com,ed.gov,svd.se,macmillandictionary.com,miami.com,azertag.com,k12.com,topcashback.co.uk,kia.com,fantasti.cc,bls.gov,podrobnosti.ua,torrentdownloads.me,manualslib.com,brigitte.de,allabout.co.jp,globalresearch.ca,cyberpresse.ca,otcmarkets.com,hotpepper.jp,b9dm.com,yidio.com,ebc.com.br,canalblog.com,impressrd.jp,linkcrypt.ws,indiewire.com,dwnews.com,findlaw.com,e1.ru,fc2.com,vancouversun.com,cnsnews.com,opensiteexplorer.org,alarab.net,megashare.info,jamejamonline.ir,cleverreach.com,pch.com,johnchow.com,brightcove.com,j-sen.jp,ing.be,animefreak.tv,megashare.sh,thaiseoboard.com,saharareporters.com,straightdope.com,theme-fusion.com,bibliocommons.com,hotpads.com,bovada.lv,opensuse.org,epravda.com.ua,rotahaber.com,cvs.com,gogetlinks.net,stuff.tv,infor.pl,comodo.com,komputerswiat.pl,d4000.com,informe21.com,cdbaby.com,jalan.net,beamtele.com,myfc.ir,linksmanagement.com,ekitan.com,123greetings.com,eversave.com,sat.gob.mx,thomasnet.com,d1g.com,t411.me,shape5.com,lesoir.be,uploading.com,fbdownloader.com,elnuevoherald.com,vmware.com,polki.pl,royalmail.com,hawaaworld.com,apache.org,weeklystandard.com,gulfup.com,advertising.com,popscreen.com,
jQuery:1.1.2,44,mysitemyway.com,in.com,guitarcenter.com,seoclerk.com,expertreviews.co.uk,gossip-tv.gr,thomann.de,centos.org,heavy-r.com,unionbankph.com,gfy.com,ieee.org,levif.be,markets.com,linguee.fr,seoclerks.com,plus28.com,linguee.es,seroundtable.com,koimoi.com,pcinpact.com,cleverreach.com,diamond.jp,state.gov,azyya.com,nav.no,liex.ru,dir.bg,linguee.com,classifiedsgiant.com,lasexta.com,webpagetest.org,theoutnet.com,fedoraproject.org,accorhotels.com,comments.ua,syshl.com,w3layouts.com,weiphone.com,nps.gov,linguee.de,zedo.com,pixnet.net,practicalecommerce.com,
jQuery:1.1.3,12,movshare.net,kannaway.com,albayan.ae,pap.fr,trenitalia.com,telam.com.ar,avangate.com,itau.com.br,emirates247.com,online-convert.com,svt.se,fout.jp,
jQuery:1.1.1,87,bfm.ru,gosuslugi.ru,faithit.com,vodafone.in,amateur.tv,eventful.com,tvrain.ru,songlyrics.com,webmeup.com,barneys.com,oregonlive.com,bollywoodhungama.com,mobilelikez.com,nola.com,gulfnews.com,povarenok.ru,kannaway.com,wikidot.com,chevrolet.com,crakrevenue.com,pap.fr,1news.az,femjoy.com,sixfigurefunnelformula.com,portail.free.fr,siriusxm.com,delish.com,wetransfer.com,gandul.info,mlive.com,businesscatalyst.com,opensooq.com,findlaw.com,lululemon.com,layalina.com,opensiteexplorer.org,d-h.st,ing.nl,muscleandfitness.com,cleanfiles.net,ubi.com,telam.com.ar,marthastewart.com,effiliation.com,socialfabric.us,ihg.com,cryptsy.com,marksdailyapple.com,alaan.tv,proboards.com,joxi.ru,blogos.com,ethz.ch,stylebook.de,paginasamarillas.com,gree.jp,telerama.fr,garmin.com,informe21.com,androidauthority.com,creativebloq.com,nj.com,n4hr.com,minecraftforum.net,al.com,archiveofourown.org,turner.com,telderi.ru,hurriyetemlak.com,advego.ru,uploading.com,zdf.de,studiopress.com,poznan.pl,cleveland.com,ncaa.com,royalmail.com,cinemablend.com,yourtango.com,eonline.com,directrev.com,xbmc.org,sotmarket.ru,syracuse.com,sedty.com,clicksor.com,timesofisrael.com,
jQuery:1.2.1,493,otto.de,themify.me,reshareworthy.com,davidicke.com,guardianlv.com,vitacost.com,chmail.ir,clickbank.com,asana.com,skapiec.pl,mywebgrocer.com,nichepursuits.com,babypips.com,4shared.com,sbs.com.au,dhl.de,gottabemobile.com,uefa.com,wpml.org,photoshopessentials.com,doisongphapluat.com,thewrap.com,vodafone.in,logme.in,cheapoair.com,managewp.com,foxnews.com,mamaclub.com,hobo-web.co.uk,byu.edu,noupe.com,mp3.es,edublogs.org,hotair.com,hurriyet.com.tr,wholefoodsmarket.com,cineblog01.tv,creativecommons.org,ox.ac.uk,dev7studios.com,mydigitallife.info,buddypress.org,jobsite.co.uk,alweeam.com.sa,guitarcenter.com,o2online.de,potins.net,barclays.co.uk,theme123.net,priceline.com,songza.com,postplanner.com,imgrind.com,freekaamaal.com,salesforce.com,wpmayor.com,geforce.com,ticketfly.com,nme.com,emgn.com,designmodo.com,healthgrades.com,gothamist.com,ganool.com,shockmansion.com,instaforex.com,sharethis.com,insidefacebook.com,ebookily.org,gizmodo.com,thaqafnafsak.com,tsa-algerie.com,98ia.com,seotechnocrat.com,giantbomb.com,avg.com,webempresa.com,123telugu.com,premiumwp.com,berniaga.com,shoebuy.com,beppegrillo.it,leadership.ng,forbes.ua,ithemes.com,funweek.it,theblaze.com,pgatour.com,bizjournals.com,quondos.com,openx.com,cpanel.net,joomlart.com,liverail.com,onlinemeetingnow.com,ahangestan.in,lrytas.lt,unionbankph.com,sudu.cn,haraj.com.sa,travelocity.com,cyberchimps.com,mobilelikez.com,logitech.com,mediotiempo.com,ebates.com,epicurious.com,povarenok.ru,fpcurator.com,jonloomer.com,saturn.de,fakt.pl,kannaway.com,aljazeera.net,adk2.com,submarino.com.br,graphicstock.com,callandput.com,webrazzi.com,data.com,harborfreight.com,poczta-polska.pl,betanews.com,affiliatewindow.com,filmaffinity.com,shoptime.com.br,boston.com,turbobit.net,reactiongifs.com,yourstory.com,ethiocinemareview.com,elandroidelibre.com,offerpop.com,gofundme.com,petapixel.com,socialspark.com,gravityforms.com,giveawayoftheday.com,ait-themes.com,p30world.com,awd.ru,zzstream.li,ukr.net,dkb.de,elitedaily.com,newmobilelife.com,gandi.net,aitnews.com,longtailvideo.com,download.ir,telexfree.com,wp-themes.com,v7n.com,themeok.org,woopra.com,unbounce.com,slaati.com,ppvguru.com,bbb.org,anymeeting.com,appthemes.com,orientaltrading.com,readthedocs.org,designyoutrust.com,cint.com,avazutracking.net,mystart.com,mediamarkt.de,worldfree4u.com,thisiscolossal.com,musiciansfriend.com,copyblogger.com,ally.com,novosti.rs,danjur.com,abcnews.go.com,singlessalad.com,sixfigurefunnelformula.com,dailykos.com,cda.pl,rantsports.com,toucharcade.com,sammobile.com,smartinsights.com,adslzone.net,stream-tv.me,merca20.com,wplift.com,upsocl.com,hwupgrade.it,talkfusion.com,goodlayers.com,cnnamador.com,videoblocks.com,rtbf.be,photo.net,whatculture.com,raspberrypi.org,e-bookspdf.org,telus.com,joemonster.org,intodns.com,collider.com,nmisr.com,raventools.com,panasonic.jp,redtubenacional.com,addictivetips.com,worldtimebuddy.com,mysavingsmedia.net,ratemyprofessors.com,filmifullizle.com,thekrazycouponlady.com,photoshelter.com,force.com,mymodernmet.com,extremetech.com,konbini.com,tickld.com,te3p.com,wwtdd.com,unc.edu,desi-tashan.com,legiaodosherois.com.br,ebenpagan.com,androidkade.com,bollywoodlife.com,fontsquirrel.com,raywenderlich.com,vice.com,whmcs.com,paymaster.ru,corbisimages.com,pulptastic.com,karmaloop.com,marathonbet.com,bdr1.net,colorlabsproject.com,funnie.st,learntotradethemarket.com,soali.ir,premiumpress.com,scratchinginfo.com,frenchweb.fr,opendns.com,joydownload.com,dlvr.it,kanald.com.tr,newegg.com,imasters.com.br,downloadha.com,hinkhoj.com,brobible.com,anz.co.nz,vg247.com,aol.de,nst.com.my,prisonplanet.com,p30day.com,mobiledia.com,koimoi.com,iphonehacks.com,businessforhome.org,yammer.com,nextbigwhat.com,silktide.com,draugiem.lv,oculusvr.com,internetlifestylenetwork.com,nediyor.com,wpde.org,hello-today.com,tvguide.co.uk,contactform7.com,nvidia.com,diaforetiko.gr,superpages.com,moneysavingmom.com,gigya.com,smallseotools.com,ndr.de,almastba.com,cubadebate.cu,mttbsystem.com,ifilez.org,yasdl.com,incomediary.com,momdot.com,kdnet.net,petfinder.com,wasanga.com,super.ae,tv-series.me,bellanaija.com,megashare.info,koreus.com,celebritytoob.com,designboom.com,cleanfiles.net,aflamneek.com,clickjogos.uol.com.br,exoclick.com,watchcartoononline.com,idownloadblog.com,toprankblog.com,listverse.com,foodgawker.com,shaparak.ir,consumerreports.org,deutsche-wirtschafts-nachrichten.de,cinetux.org,ad-tech.com,scmp.com,hostelworld.com,car.gr,johnchow.com,brightcove.com,riverisland.com,rockpapershotgun.com,mako.co.il,cafemom.com,phpbb.com,watchseries-online.eu,viralnova.com,laughingsquid.com,xvideos-field5.com,gulesider.no,pureleverage.com,lifebettering.com,templatic.com,101domain.com,megashare.sh,wired.co.uk,amctv.com,mediabistro.com,house.gov,anz.com,thinkprogress.org,elle.com,livingrichwithcoupons.com,aol.co.uk,vodafone.de,mcafee.com,pijamasurf.com,shoutmeloud.com,vietcombank.com.vn,alaan.tv,dumpaday.com,njuskalo.hr,theme-fusion.com,costco.ca,desitvforum.net,ppchero.com,net-a-porter.com,designscrazed.com,dondominio.com,bibliocommons.com,teacherspayteachers.com,razorsocial.com,gruenderszene.de,digitalriver.com,telegraf.rs,contentmarketinginstitute.com,jwplayer.com,droid-life.com,deadline.com,aftermarket.pl,self.com,soccer.ru,infowars.com,punchng.com,propakistani.pk,libsyn.com,thenewstribe.com,brainpickings.org,journaldugeek.com,grepolis.com,inquisitr.com,reshareable.tv,bahseazad.ir,esquire.com,gamespot.com,socialtriggers.com,grandascent.com,alquds.co.uk,nettavisen.no,androidauthority.com,technorati.com,scientificamerican.com,kriesi.at,socialbro.com,pearsonmylabandmastering.com,collective-evolution.com,cricketcountry.com,peliculasmas.com,vcommission.com,globovision.com,xdating.com,boardingarea.com,webdesignledger.com,futbol24.com,bwin.es,4umf.com,buzztheme.net,appgame.com,ccbill.com,ktonanovenkogo.ru,yithemes.com,pr-cy.ru,kaschpo.ru,foxbusiness.com,indiafreestuff.in,lesnumeriques.com,4shared-china.com,unblog.fr,notjustok.com,korabia.com,playboy.com,mt5.com,unitezz.com,cisco.com,ilpost.it,myfact.tv,naver.jp,downloadming.me,masr-gate.com,informationng.com,designwall.com,lifehacker.ru,wpmudev.org,viperchill.com,biobiochile.cl,toysrus.com,jahaniha.com,afilio.com.br,osxdaily.com,tribalfusion.com,kotobank.jp,kadinlarkulubu.com,collarme.com,seesaa.net,rubiconproject.com,rawstory.com,catracalivre.com.br,wallstcheatsheet.com,guns.ru,webdesignrazzi.com,studiopress.com,comicvine.com,santander.cl,mistreci.com,geek.com,reverbnation.com,tipsandtricks-hq.com,papystreaming.com,infusionsoft.com,myip.ms,qadabra.com,leadpages.net,pokerstrategy.com,expat-blog.com,freshdesignweb.com,secondlife.com,tech-wd.com,w3layouts.com,iphones.ru,spi0n.com,positivemed.com,cinemablend.com,digital-photography-school.com,avantlink.com,shopbop.com,eniro.se,maduradas.com,vandelaydesign.com,misrday.com,mydealz.de,zedo.com,tnr.com,artofmanliness.com,outbrain.com,costco.com,digitalmarketer.com,searchenginejournal.com,freemovie-hd.com,videoyoum7.com,theme.co,quicksprout.com,mashable.com,ijreview.com,businessinsider.com.au,thepioneerwoman.com,bonappetit.com,
jQuery:1.2.2,35,uitzendinggemist.nl,townwork.net,vestifinance.ru,jn.pt,tvrain.ru,tubepornstars.com,gotowebinar.com,ait-themes.com,112.ua,tsn.ua,cpasbien.me,ojogo.pt,spielaffe.de,glavred.info,gotomeeting.com,easybib.com,gotomypc.com,betradar.com,rockpapershotgun.com,techgig.com,clipconverter.cc,liex.ru,echomsk.spb.ru,aftermarket.pl,zn.ua,cpasbien.com,tre.it,arioo.com,gallup.com,usbank.com,d1g.com,udn.com,kraloyun.com,colorado.edu,vatanbilgisayar.com,
jQuery:1.2.3,29,airliners.net,fdrmx.com,oricon.co.jp,fotocommunity.de,wdc.com,shockmansion.com,video.tt,unionbankph.com,abs-cbnnews.com,gulfnews.com,divyabhaskar.co.in,b92.net,mystart.com,usda.gov,jmw.com.cn,ecvv.com,freeforums.org,yabancidiziizle1.com,phpfreaks.com,tchibo.de,vodafone.de,finansbank.com.tr,beamtele.com,korrespondent.net,notjustok.com,mt5.com,cms.gov,vgorode.ua,instantteleseminar.com,
jQuery:1.2.4,14,instaforex.com,siriusxm.com,cian.ru,mckinsey.com,lohaco.jp,jsonline.com,sportschau.de,moviefone.com,contentmarketinginstitute.com,nalog.ru,footlocker.com,ole.com.ar,avantlink.com,sotmarket.ru,
jQuery:1.0.3,20,matchendirect.fr,fineco.it,fizzle.co,irr.ru,stubhub.com,ratemyprofessors.com,addthis.com,gandul.info,findlaw.com,brightcove.com,mcafee.com,webmotors.com.br,echomsk.spb.ru,gree.jp,miralinks.ru,turner.com,rawstory.com,mlssoccer.com,hir24.hu,fujitsu.com,
jQuery:1.0.4,10,comicbookmovie.com,play.com,alfajertv.com,awd.ru,collider.com,vodafone.de,boulanger.fr,stltoday.com,sony.jp,girlschannel.net,
jQuery:1.0.1,37,kaufmich.com,gimp.org,game321.com,katestube.com,levi.com,argaam.com,mega-juegos.co,zippyshare.com,mobile9.com,mubasher.info,bundesliga.de,microsoftstore.com,yaplakal.com,prosport.ro,famitsu.com,piwik.org,lostfilm.tv,egyup.com,gandul.info,runrun.es,omelete.uol.com.br,consumerreports.org,tmz.com,onmeda.de,amctv.com,alaan.tv,beachbody.com,lifo.gr,mediafax.ro,tagesanzeiger.ch,turner.com,footlocker.com,yengo.com,sabq.org,elitepvpers.com,syshl.com,infonews.com,
jQuery:1.0.2,46,vitacost.com,radio.com,pipl.com,tjournal.ru,neimanmarcus.com,fastweb.it,sky.it,footyroom.com,xxxkinky.com,ccavenue.com,zakon.kz,cbslocal.com,microsoftstore.com,fantasy8.com,lowendtalk.com,fantasti.cc,www.nhs.uk,smartinsights.com,weather.com,viptube.com,ratemyprofessors.com,canalblog.com,pornup.me,nolo.com,jsonline.com,vid2c.com,hottube.me,amctv.com,vodafone.de,ppchero.com,arizona.edu,nuvid.com,moskva.fm,iceporn.com,stltoday.com,lifo.gr,drtuber.com,cyberlink.com,e-radio.gr,eloqua.com,seesaa.net,thestar.com,elnuevoherald.com,pokerstrategy.com,syshl.com,eonline.com,
