wallst.com,
mangareader.net,
clickpoint.com,
charter97.org,
sohu.com,
huanqiuauto.com,
blogspot.hu,
alicdn.com,
iza.ne.jp,
nextcar.cn,
livedoor.biz,
advertig.com,
dnb.no,
bradesco.com.br,
habrahabr.ru,
grooveshark.com,
google.mg,
webhallen.com,
seopult.ru,
provincial.com,
worldstarhiphop.com,
aeon.co.jp,
sblo.jp,
socialmediaexaminer.com,
acfun.tv,
taobaocdn.com,
beruby.com,
vivo.com.br,
niksalehi.com,
sipse.com,
bing.com,
mangapanda.com,
wikipedia.org,
post.gov.tw,
thekievtimes.ua,
dlforall.net,
pgmediaserve.com,
screwfix.com,
niusnews.com,
foreningssparbanken.se,
literotica.com,
google.pt,
imanhua.com,
amazon.it,
googleusercontent.com,
kompass.com,
corel.com,
lightinthebox.com,
android-hilfe.de,
google.com.pr,
blogun.ru,
hot-sex-tube.com,
183.com.cn,
amazon.in,
allegro.pl,
samsung.com,
india-forums.com,
indiapost.gov.in,
dtiblog.com,
seniat.gob.ve,
intentmedia.net,
dzone.com,
tokyo.jp,
jcb.co.jp,
rantlifestyle.com,
globalewallet.com,
ebayimg.com,
autov.com.cn,
diffen.com,
dsw.com,
trendyol.com,
autocarindia.com,
vodoumedia.com,
tuenti.com,
google.com.gt,
retre.org,
apartments.com,
news-postseven.com,
duowan.com,
almubasher.com.sa,
mt.co.kr,
rtbstream.com,
sgcpanel.com,
dealspl.us,
camfrog.com,
multiupload.nl,
warning.or.kr,
onlyworldnews.com,
pearsoncmg.com,
vimeocdn.com,
parsonline.net,
snapfish.com,
ovguide.com,
tharunee.lk,
rapidtrk.com,
banquepopulaire.fr,
e-autopay.com,
hatelabo.jp,
smartfren.com,
lefrecce.it,
17u.com,
google.co.nz,
bizpowa.com,
grupobancolombia.com,
alef.ir,
nation.co.ke,
userscripts.org,
tlen.pl,
rapidshare.com,
casino.com,
78.cn,
farsroid.com,
ime.nu,
onvasortir.com,
google.com.sg,
vivastreet.com,
bebinin.com,
ocn.ne.jp,
macys.com,
tam.com.br,
blu-ray.com,
toranoana.jp,
google.co.th,
cna.com.tw,
geocities.jp,
bsnl.co.in,
24option.com,
jal.co.jp,
hugedomains.com,
peliculaspepito.com,
xjtu.edu.cn,
afp.com,
retailmenot.com,
unifiedlayer.com,
google.am,
cybozulive.com,
chinhphu.vn,
1prime.ru,
tokyo-sports.co.jp,
shopware.de,
viabcp.com,
msn.ca,
vodjk.com,
gittigidiyor.com,
buenosaires.gob.ar,
adwords-community.com,
778669.com,
google.ca,
thqafawe3lom.com,
twimg.com,
magnovideo.com,
sharelive.net,
upload7.ir,
isimtescil.net,
linio.com.pe,
nedsecure.co.za,
liverpool.com.mx,
usportnews.com,
mobile01.com,
bancoestado.cl,
up2c.com,
freefilmshd.com,
media1first.com,
flashback.org,
otzovik.com,
mtgox.com,
smn.gov.ar,
amazon.fr,
nextmedia.com,
postgresql.org,
aizhan.com,
treccani.it,
websitewelcome.com,
directadmin.com,
blogspot.com.ar,
3u5.net,
avaxsearch.com,
coach.com,
copacet.com,
wowslider.com,
agenziaentrate.gov.it,
bitauto.com,
olleh.com,
funpatogh.com,
myanimelist.net,
torrentz.in,
onlinecreditcenter6.com,
ruten.com.tw,
gem.pl,
google.no,
aili.com,
yimg.com,
techgag.info,
17u.cn,
sankeibiz.jp,
huxiu.com,
shoghlanty.com,
blogspot.de,
efshop.com.tw,
get-a-fuck-tonight.com,
stuff.co.nz,
find404.com,
mlstatic.com,
unpcn.com,
c-sharpcorner.com,
blogfa.com,
google.co.ma,
pe.gov.br,
antichat.ru,
btc-e.com,
51wan.com,
liontravel.com,
verizon.com,
11st.co.kr,
dm5.com,
gayromeo.com,
lik.cl,
authorityroi.com,
intel.com,
vi.nl,
google.cl,
google.cm,
amazon.es,
google.com.bo,
google.sk,
aebn.net,
mediawiki.org,
workercn.cn,
aaa.com,
visitkorea.or.kr,
record.com.mx,
abola.pt,
urlopener.com,
1337x.org,
sony.com,
google.com.ni,
wumii.com,
stockstar.com,
dstv.com,
com-reward.in,
zhubajie.com,
the-binary-options-guide.com,
ft.com,
kickass.to,
interieur.gouv.fr,
cam4ads.com,
hao123.com.eg,
unian.ua,
whatismyipaddress.com,
95559.com.cn,
amino.dk,
rkanr.com,
warnerbros.com,
yourtest-india.com,
2144.cn,
letv.com,
junglee.com,
hotchatdirect.com,
gzmama.com,
adshostnet.com,
8pic.ir,
beytoote.com,
girls-ly.com,
mafengwo.cn,
sii.cl,
torrentbutler.eu,
momtubesex.xxx,
olx.pt,
noulinx.com,
ldblog.jp,
docstoc.com,
eforosh.com,
abchina.com,
mappingdo.net,
google.al,
blogspot.ru,
xitek.com,
zenhabits.net,
with2.net,
googleping.com,
70e.com,
trading-for-winners.com,
3jy.com,
coderanch.com,
tv-tokyo.co.jp,
istruzione.it,
pulscen.ru,
truthaboutonlinesluts.com,
morningstar.com,
sephora.com,
google.com.cy,
bci.cl,
bb.com.br,
chooseauto.com.cn,
equipobimlatino.com,
findthecompany.com,
adtcstrk.com,
filesend.to,
pekao24.pl,
khamenei.ir,
alibaba.com,
cabelas.com,
sabresonicweb.com,
tenpay.com,
bancobrasil.com.br,
planetminecraft.com,
cpasuperaffiliate.com,
chachaba.com,
di.fm,
api.ning.com,
mundopromocion.com,
dict.cn,
simplyrecipes.com,
x-art.com,
thepiratebay.se,
eztv.it,
citizensbank.com,
mg.gov.br,
webgozar.com,
thereport24.com,
stratoserver.net,
atlassian.net,
realitykings.com,
skat.dk,
bendibao.com,
arxiv.org,
duba.com,
sinhvienit.net,
pinimg.com,
admin.ch,
lalawan67.net,
adm918.com,
besaba.com,
dedecms.com,
rutor.org,
google.az,
google.com.pk,
liveadoptimizer.com,
10010.com,
chexun.com,
your-server.de,
baimao.com,
onlinefinder.net,
samakal.net,
07073.com,
you-will-date.com,
takuhai.jp,
nyc.ny.us,
junbi-tracker.com,
persianblog.ir,
avjavjav.com,
xrosview.com,
google.si,
debate.com.mx,
softbank.jp,
dsdomination.com,
scrutins.net,
google.com.co,
kenrockwell.com,
rikunabi.com,
gougou.com,
downloadsetup.net,
ktrmr.com,
dnsrsearch.com,
google.ru,
pudelek.pl,
blogspot.fr,
navitime.co.jp,
babyhome.com.tw,
google.com.qa,
fontpalace.com,
hbs.edu,
kobobooks.com,
kora-online.tv,
cerdas.com,
goo.gl,
google.com.uy,
3366.com,
ldlc.com,
buzzfed.com,
1x3x.com,
sanook.com,
vr-zone.com,
billdesk.com,
sweetpacks-search.com,
nitori-net.jp,
gezinti.com,
torrentz.eu,
mouser.com,
harvard.edu,
sopitas.com,
zurker.com,
girls4game.com,
indeed.fr,
gendai.net,
gruposantander.es,
blogspot.kr,
siilu.com,
strtsrv.com,
esuteru.com,
youdao.com,
adsupplyads.com,
khabarpu.com,
webimpresion.com,
networksolutionsemail.com,
tm1111.com,
pengyou.com,
elephanttube.com,
miniinthebox.com,
cocolog-nifty.com,
cw.com.tw,
bitsnoop.com,
mca.gov.in,
multitran.ru,
indeed.co.uk,
coolsport.tv,
inc.com,
somo.vn,
jsticket.net,
editor.wix.com,
pptv.com,
admin5.com,
gameinformer.com,
advancedbackgroundchecks.com,
quizlet.com,
clicksia.com,
mobikwik.com,
msn.com,
vsnl.net.in,
jarchi.ir,
paltalk.com,
yaolan.com,
scbeasy.com,
robotstxt.org,
milanuncios.com,
kitco.com,
kingplayer.com,
tsetmc.com,
xinnet.com,
peoplefinders.com,
klikbca.com,
navy.mil,
nta.go.jp,
suning.com,
smbc-card.com,
azhibo.com,
unitedhyipleague.com,
todo1.com,
censor.net.ua,
bookryanair.com,
xs8.cn,
beanfun.com,
vector.co.jp,
hackforums.net,
niazerooz.com,
gfan.com,
stagram.com,
mp-success.com,
yxku.com,
google.ge,
adscale.de,
google.iq,
iw33.com,
utanbaby.com,
trklnks.com,
lenskart.com,
trademarkia.com,
banorte.com,
admngronline.com,
way2sms.com,
blizko.ru,
akamaihd.net,
cloud-trax.com,
winbank.gr,
hsoub.com,
t.co,
rutracker.org,
nikkei.com,
craigslist.ca,
nhk.or.jp,
extremetracking.com,
jreast.co.jp,
sport-express.ru,
google.com.ar,
mhlw.go.jp,
tvoyauda4a.ru,
inccel.com,
am15.net,
adslgate.com,
capstrom.com,
sonyentertainmentnetwork.com,
fakenamegenerator.com,
zum.com,
example.com,
saic.gov.cn,
sjtu.edu.cn,
website-unavailable.com,
yhd.com,
boe.es,
tangdou.com,
deviantart.com,
sexvidx.com,
allyes.com,
watch32.com,
o2.pl,
publichd.se,
aliimg.com,
google.com.br,
usp.br,
ublk2014date.com,
mediaworld.it,
transfermarkt.de,
pay-to-click-inc.com,
afip.gov.ar,
pond5.com,
rewity.com,
ip2location.com,
yixun.com,
citrixonline.com,
sparkasse.at,
aliexpress.com,
mochimedia.com,
amazon.co.uk,
tgbus.com,
vov.vn,
dtiserv2.com,
google.com.jm,
kalerkantho.com,
unblocked.co,
itrack.it,
etrade.com,
cvent.com,
prcm.jp,
hamariweb.com,
blogspot.gr,
google.com.ly,
google.com.om,
pornbb.org,
5giay.vn,
santander.com.br,
man.lv,
slidesharecdn.com,
torrentreactor.net,
fblife.com,
cnool.net,
kasserver.com,
jobberman.com,
goldenbirds.biz,
segundamano.es,
cgbchina.com.cn,
huzhou.gov.cn,
onlineapplicationsdownloads.com,
boblil.com,
state.nj.us,
webfindpage.com,
fap.to,
forum.hr,
netdna-cdn.com,
bbva.es,
wenkang.cn,
crucial.com,
google.com.hk,
delicious.com,
thenationonlineng.net,
faithtap.com,
uscis.gov,
leancy.com,
craigslist.co.in,
enlnks.com,
ninisite.com,
forex.com.cn,
amazon.com,
cpmfx.com,
openmace.net,
kafeteria.pl,
saavn.com,
makemytrip.com,
subtitleseeker.com,
en-japan.com,
balagannna.com,
inps.it,
billionuploads.com,
w3.org,
dmoz.org,
house365.com,
websitetestlink.com,
orkut.com.br,
luxtarget.com,
emuch.net,
pimproll.com,
kat.ph,
rui.jp,
ancestry.co.uk,
mes-meilleurs-films.fr,
google.com.mm,
qantas.com.au,
bpd.com.do,
schema.org,
google.com.tr,
staples.com,
anchorfree.us,
google.dk,
frankkern.com,
bhinneka.com,
golsearch.com,
delivery67.com,
adsmarket.com,
zeroredirect1.com,
chinatrust.com.tw,
trk4.com,
kw.com,
irctc.co.in,
reclameaqui.com.br,
jetswap.com,
japannetbank.co.jp,
bestbuy.com,
mr-guangdong.com,
cuevana2.tv,
skynewsarabia.com,
2mdn.net,
greatonlineapplications.com,
blogspot.in,
instatheme.com,
getoffmyinternets.net,
incruit.com,
luck4.me,
wanggou.com,
rednet.cn,
prosperityteam.com,
s2d6.com,
52che.com,
directpaybiz.com,
leaseweb.com,
cimbclicks.com.my,
kroger.com,
tak.ru,
icm.edu.pl,
serienjunkies.de,
fda.gov,
torrentz-proxy.com,
nttdocomo.co.jp,
videoplusmusic.com,
gooya.com,
ucm.es,
nginx.org,
chainreactioncycles.com,
yam.com,
adam4adam.com,
takungpao.com,
google.com.af,
zinkwaphd.com,
jb51.net,
adxite.com,
mizuhobank.co.jp,
cengage.com,
ebaystatic.com,
mojang.com,
onlinewebfind.com,
itesm.mx,
zoo.com,
b2b.cn,
laban.vn,
k12.ca.us,
yinyuetai.com,
gelocal.it,
drclix.com,
manoto1.com,
akbank.com,
cnfol.com,
hypovereinsbank.de,
500.com,
adk2.co,
donkeymails.com,
geocities.co.jp,
google.co.zm,
broker.to,
defencenet.gr,
todayhumor.co.kr,
boc.cn,
japan-guide.com,
bongdaplus.vn,
filezilla-project.org,
google.co.jp,
google.ie,
avianca.com,
dict.cc,
advertiserdigital.com,
zazzle.com,
sistrix.com,
xizhi.com,
gateable.com,
rakuten-card.co.jp,
torrentz.sx,
archive.is,
despegar.com,
smartshopping.com,
nethouse.ru,
blogimg.jp,
blogspot.hk,
nifty.com,
chengdu.cn,
google.jo,
hd-xvideos.com,
boardgamegeek.com,
netcq.net,
care.com,
freepspvideodownload.com,
qpic.cn,
pbebank.com,
lecai.com,
fotomac.com.tr,
donanimhaber.com,
dhs.gov,
google.co.za,
buenosearch.com,
ssense.com,
nexon.com,
joyme.com,
ibanking-services.com,
arvixededicated.com,
linksynergy.com,
jxedt.com,
caixa.gov.br,
fanpop.com,
blogger.com,
midwayusa.com,
news-hound.org,
videopremium.me,
elcorteingles.es,
banglamail24.com,
paperblog.com,
6bets10.com,
morazzia.com,
on.cc,
woothemes.com,
jstv.com,
baidu.com,
standardbank.co.za,
htmlpublish.com,
today.com,
loltrk.com,
vn-zoom.com,
uline.com,
iconarchive.com,
musica.com,
qudong.com,
webry.info,
cyworld.com,
onlinedown.net,
bilyoner.com,
rss2search.com,
rae.es,
cloudfront.net,
watchmygf.net,
tbs.co.jp,
typiol.com,
tianji.com,
lolking.net,
thisissouthwales.co.uk,
homevv.com,
gstatic.com,
sanalpazar.com,
forumophilia.com,
pastebin.com,
ocj.com.cn,
freevideoporn.xxx,
mihandownload.com,
domaintools.com,
wikisource.org,
planetromeo.com,
op.fi,
hrloo.com,
yola.com,
nosis.com,
strawberrynet.com,
c-rewards.com,
sourtimes.org,
novayagazeta.ru,
couchtuner.eu,
upenn.edu,
cloudapp.net,
maybank2u.com.my,
urbanoutfitters.com,
elog-ch.com,
bhphotovideo.com,
morningpost.com.cn,
enlacespepito.com,
google.kz,
olx.co.id,
megaindex.ru,
torrents.net,
5i5j.com,
cargil.com,
keywordblocks.com,
tedata.net,
wanyh.com,
sinaapp.com,
clicrbs.com.br,
blogspot.dk,
outlook.com,
msn.com.tw,
google.com.ec,
ernmoneynow.com,
netflix.com,
uainfo.org,
video2mp3.net,
vegasinsider.com,
investors.com,
finalfantasyxiv.com,
jma.go.jp,
dream-demo.com,
persianv.com,
amazon.co.jp,
wsodownloads.info,
furaffinity.net,
kproxy.com,
3m.com,
akhbarak.net,
iplocation.net,
qqbaobao.com,
pepperjamnetwork.com,
doyo.cn,
openadserving.com,
w3schools.com,
watchtower.com,
google.nl,
baiducontent.com,
androidha.com,
tv-asahi.co.jp,
9yao.com,
wnbc.com,
google.fr,
re-direcciona.me,
fastdist.net,
pconverter.com,
gamestop.com,
soccersuck.com,
seowizard.ru,
boldchat.com,
updatesoftnow.com,
banesconline.com,
indeed.co.za,
chase.com,
southwest.com,
seratnews.ir,
starfall.com,
showup.tv,
google.tn,
eluniversal.com.mx,
bannersdontwork.com,
vvvdj.com,
39.net,
google.com.bn,
hunantv.com,
dotabuff.com,
forumfree.it,
oriflame.com,
feed2all.eu,
dilandau.eu,
hellowork.go.jp,
mpnrs.com,
occ.com.mx,
atpworldtour.com,
incentria.com,
allposters.com,
mature-beauty.com,
sermepa.es,
fusebux.com,
google.tt,
2500sz.com,
army.mil,
natro.com,
torproject.org,
aremo.com.br,
parimatch.com,
p1.cn,
xhamsterhq.com,
internic.net,
un.org,
haxinteractive.com,
argos.co.uk,
searchnu.com,
ver-video.org,
tadawul.com.sa,
21-sun.com,
google.co.uk,
indeed.com.br,
youthwant.com.tw,
fc2web.com,
feedsportal.com,
kissanime.com,
dangdang.com,
googledrive.com,
businessweekly.com.tw,
haizhangs.com,
google.mn,
hjenglish.com,
wikimart.ru,
appannie.com,
abovetopsecret.com,
explosm.net,
tmtpost.com,
winupdatevideos.com,
perfectmoney.com,
carros.com.br,
apkmania.co,
caf.fr,
lonelyplanet.com,
knowyourmeme.com,
bloomingdales.com,
atv.com.tr,
gnu.org,
mlit.go.jp,
downforeveryoneorjustme.com,
ivi.ru,
jvzoo.com,
focus.cn,
paheal.net,
pitlap.info,
ricardoeletro.com.br,
kouclo.com,
tokyo-porn-tube.com,
profi-forex.org,
bankpasargad.com,
ovi.com,
guim.co.uk,
verycd.com,
expressdownload.net,
coinmill.com,
globaltimes.cn,
jobsdb.com,
ntu.edu.tw,
reventmedia.com,
freevideodownloadforpc.com,
18exgfs.com,
homebank.ro,
dn.pt,
blogspot.nl,
secretsearchenginelabs.com,
xuite.net,
youyuan.com,
theeroticreview.com,
juooo.com,
technoratimedia.com,
google.com.eg,
gingersoftware.com,
avn.info.ve,
kar.nic.in,
starbaby.cn,
gamer.com.tw,
blogspot.cz,
speedyshare.com,
babybus.cn,
his-j.com,
bankmandiri.co.id,
pandora.com,
designcrowd.com,
japanpost.jp,
musavat.com,
iyinet.com,
ampxchange.com,
afip.gob.ar,
huanqiu.com,
newhtsoft.com,
yunfan.com,
benesse.ne.jp,
blogspot.com,
blogspot.jp,
huaban.com,
nocookie.net,
ad-vid-webs.com,
fengyunzhibo.com,
google.fi,
google.co.ve,
mlxchange.com,
kelloggsfamilyrewards.com,
docusign.net,
nseindia.com,
gucheng.com,
graphicburger.com,
accenture.com,
sbs.co.kr,
imagehost123.com,
wo.com.cn,
teacup.com,
pbs.org,
srvsinf.com,
vgsgaming-ads.com,
sponichi.co.jp,
gmail.com,
liilas.com,
highsnobiety.com,
52pk.net,
daum.net,
picofile.com,
alertfunctions.com,
kaztorka.org,
sootoo.com,
bizcommunity.com,
meetgee.com,
spamhaus.org,
downloadchop.com,
translate.ru,
caikuu.com,
tiantian.com,
google.by,
google.at,
ilivid.com,
marry52.com,
google.lk,
registraduria.gov.co,
mydrivers.com,
dion.ne.jp,
mufg.jp,
elfagr.org,
99114.com,
1and1.com,
vk.com,
mmorpg.com,
51seer.com,
topdocumentaryfilms.com,
liepin.com,
ncore.cc,
googleapis.com,
shitaraba.com,
zjol.com.cn,
residentadvisor.net,
chetxia.com,
webcars.com.cn,
sky-fire.com,
google.com.ng,
yourgirlfriends.com,
bnpparibasfortis.be,
coches.net,
ibtesama.com,
lib.ru,
swalif.com,
djmaza.info,
inchallah.com,
kulichki.net,
amazing-offers.co.il,
20minutos.es,
yjbys.com,
watchseries.lt,
supersport.com,
jutarnji.hr,
googlesyndication.com,
google.gr,
serving-sys.com,
sabah.com.tr,
ticketmaster.com,
yahoo-help.jp,
etao.com,
xici.net,
80018.cn,
interpark.com,
rus.ec,
copart.com,
guffins.com,
go2cloud.org,
whatseek.com,
google.lu,
vistaprint.com,
yallakora.com,
weiyun.com,
google.co.id,
newbie-trading-guide.com,
guff.com,
taleo.net,
jra.go.jp,
jpc.com,
openrice.com,
3file.info,
websitetonight.com,
payamsara.com,
17track.net,
rateyourmusic.com,
change.org,
doostiha.ir,
freeresultsguide.com,
google.cn,
douban.fm,
sharesuper.info,
akakce.com,
natunbarta.com,
medscape.com,
saveinter.net,
huntington.com,
takvim.com.tr,
1phads.com,
google.rs,
delta.com,
estekhtam.com,
systweak.com,
88db.com,
etradenow.cn,
marmiton.org,
cpan.org,
babytree.com,
netease.com,
port.hu,
givemesport.com,
elcolombiano.com,
blogsky.com,
178.com,
google.com.vn,
iptorrents.com,
payserve.com,
kepu.com.cn,
telexads.com,
ciku5.com,
unionpaysecure.com,
staticflickr.com,
exam8.com,
sou300.com,
stcn.com,
pixlr.com,
inspsearch.com,
ahlalhdeeth.com,
congratulations-you-won.com,
brokenlinkcheck.com,
moviesmobile.net,
reliancebroadband.co.in,
google.ae,
searchresultsguide.com,
virtualedge.com,
ggpht.com,
cic.fr,
6.cn,
nomorerack.com,
nosub.tv,
banesco.com,
webhostbox.net,
google.com.sa,
p-world.co.jp,
shoplocal.com,
google.cd,
google.com.kw,
perfectmoney.is,
google.com.gh,
hvylya.org,
exitingsearch.info,
17173.com,
buyvip.com,
google.it,
iafd.com,
bet365.es,
autotimes.com.cn,
linkin.net,
solarmovie.so,
gridserver.com,
voicefrom.me,
nlayer.net,
trafficvance.com,
elderscrollsonline.com,
lun.com,
avaxhome.cc,
tvboxnow.com,
hushmail.com,
bancomer.com.mx,
popsci.com,
filecrop.com,
pornolab.net,
rockettheme.com,
v1.cn,
netpnb.com,
vk.me,
creditonebank.com,
freecontact.com,
ad1111.com,
seowhy.com,
bitstamp.net,
hkgolden.com,
state.ny.us,
google.com.do,
wholesale-dress.net,
sextgem.com,
all-free-download.com,
myfreshnet.com,
ename.com,
google.es,
rasekhoon.net,
google.co.ke,
rzeczpospolita.pl,
biquge.com,
dereferer.org,
zeobit.com,
3dcartstores.com,
nikkei.co.jp,
siasat.pk,
dek-d.com,
fotocasa.es,
104.com.tw,
gotprint.net,
balkanweb.com,
otlan.com,
brides.com.cn,
wapka.mobi,
hulu.jp,
standardchartered.com,
jameda.de,
people.com.cn,
roskapital.biz,
wikiquote.org,
pingomatic.com,
bangkokpost.com,
blogspot.fi,
telcel.com,
bp.blogspot.com,
wapka.me,
techweb.com.cn,
zapbux.com,
qiushibaike.com,
friendscout24.de,
fx678.com,
mattcutts.com,
ecp888.com,
eol.cn,
st001.com,
ipsosinteractive.com,
ed.ac.uk,
hsw.cn,
sonico.com,
epson.com,
google.ci,
miibeian.gov.cn,
keek.com,
icmwebserv.com,
secureinternetbank.com,
nowvideo.sx,
maktoob.com,
mtime.com,
mob.org,
truste.org,
axisbank.com,
tamin.ir,
cnhubei.com,
ssisurveys.com,
hstpnetwork.com,
samplicio.us,
souq.com,
ebaumsworld.com,
etsystatic.com,
icicibank.co.in,
voegol.com.br,
indiarailinfo.com,
cambridge.org,
msecnd.net,
google.co.mz,
edgecastcdn.net,
top81.cn,
cqnews.net,
lanacion.com.ar,
google.com.mx,
presse-citron.net,
tpsl-india.in,
transunion.com,
39yst.com,
uast.ac.ir,
hinet.net,
googlevideo.com,
secureserver.net,
azurewebsites.net,
motortrend.com,
images-amazon.com,
google.dz,
ssc.nic.in,
canadaalltax.com,
blomaga.jp,
livetv.sx,
delfi.lv,
santander.com.mx,
gmane.org,
stuffgate.com,
caijing.com.cn,
pnc.com,
installerapplicationusa.com,
2chblog.jp,
webcrawler.com,
dtdc.com,
video-i365.com,
google.lt,
androidpolice.com,
learni.st,
ju51.com,
bux4you.com,
plaintube.com,
gamedog.cn,
google.co.il,
xsrv.jp,
driveropti.net,
putlocker.bz,
313.cn,
999120.net,
atpanel.com,
titan24.com,
googleadservices.com,
meilishuo.com,
eweb4.com,
cnw.com.cn,
withgoogle.com,
debian.org,
aastocks.com,
pr.com,
saksfifthavenue.com,
blog.me,
google.com.au,
tz4.com,
zhulong.com,
focalprice.com,
concursolutions.com,
komli.com,
justgiving.com,
emailsrvr.com,
liveperson.net,
homedepot.ca,
onlinebank.com,
28.com,
dish.com,
daniweb.com,
asstr.org,
rsport.ru,
melon.com,
zaluu.com,
hqxnxx.com,
hulu.com,
q.cc,
bodmillenium.com,
netcarshow.com,
google.co.kr,
relianceada.com,
gsp.ro,
privalia.com,
exhentai.org,
egynews.net,
royal-search.com,
unetenet.com,
ucwan87.net,
caras.uol.com.br,
looti.net,
bbvanet.com.mx,
1e100.net,
diariocorreo.pe,
17zwd.com,
wechat.com,
sport-fm.gr,
w3school.com.cn,
bonprix.de,
pia.jp,
uimserv.net,
apserver.net,
kym-cdn.com,
ricardo.ch,
islemogren.com,
fl.ru,
samanyoluhaber.com,
sunat.gob.pe,
gtarcade.com,
appshopper.com,
3dwwwgame.com,
serpfox.com,
lipsum.com,
ytimg.com,
binarysystem4u.com,
jz123.cn,
p2up.ir,
soyentrepreneur.com,
kting.cn,
tportal.hr,
google.com.et,
xiaomi.cn,
ip138.com,
balagana.net,
evsuite.com,
divaina.com,
tokyo-tube.com,
kingworldnews.com,
warez-bb.org,
searchfun.in,
microsoftonline.com,
google.com.my,
sheinside.com,
petco.com,
renren.com,
allover30.com,
vip.com,
google.com.ph,
dryicons.com,
ntt.com,
poponclick.com,
ink361.com,
mijnwoordenboek.nl,
gsis.gr,
wyborcza.biz,
manageyourloans.com,
kankanews.com,
heureka.cz,
miniurls.co,
telewebion.com,
wyborcza.pl,
techmeme.com,
so.com,
incredibar.com,
nstarikov.ru,
sinaimg.cn,
reduxmediia.com,
freemail.hu,
sanspo.com,
bochk.com,
whicdn.com,
hol.es,
djelfa.info,
vemale.com,
sj998.com,
serialu.net,
indeed.co.in,
jiathis.com,
downloadactivate.com,
safemls.net,
wildberries.ru,
enterfactory.com,
ibibo.com,
buildmyincomedaily.com,
anyang.gov.cn,
google.com.cu,
probux.com,
gome.com.cn,
mybroadband.co.za,
google.be,
honda.co.jp,
moonbasa.com,
ancestry.com,
emailmeform.com,
starwoodhotels.com,
google.ba,
remax.com,
ccb.com,
appsapk.com,
hotshoppingads.com,
publipt.com,
downloadquick.net,
eci.nic.in,
tesco.com,
google.com.lb,
sexad.net,
uidai.gov.in,
bonprix.ru,
google.hn,
google.pl,
ittefaq.com.bd,
media.wix.com,
51sole.com,
sbisec.co.jp,
rai.tv,
kasikornbank.com,
filmygyan.in,
zakzak.co.jp,
toluna.com,
stgeorge.com.au,
revolveclothing.com,
herokuapp.com,
dwayir.com,
epnet.com,
site-ym.com,
dropboxusercontent.com,
nasa.gov,
medicinenet.com,
reverso.net,
asiae.co.kr,
porsyar.com,
discogs.com,
eluniversal.com,
forumcommunity.net,
styletv.com.cn,
betfred.com,
jjwxc.net,
blogspot.tw,
imageforum.com,
dongtaiwang.com,
gov.kz,
volvocars.com,
google.co.cr,
sky.de,
google.lv,
itmedia.co.jp,
rentanything.com,
news-us.jp,
doorblog.jp,
payza.com,
downloadcamp.com,
td.com,
itusozluk.com,
babyblog.ru,
cheaa.com,
diytrade.com,
filelist.ro,
wowhead.com,
accountonline.com,
fujitv.co.jp,
hetzner.de,
linkomanija.net,
ampnetzwerk.de,
wipo.int,
cdn4711.net,
noticiasdelmundo.org,
eme2000.com,
investing.com,
cnki.net,
themepunch.com,
lol55.com,
google.de,
zone-telechargement.com,
114so.cn,
dogpile.com,
livesmi.com,
ideacellular.com,
onlinefastpaydayloan.com,
fsymbols.com,
whirlpool.net.au,
viva.co.id,
beareyes.com.cn,
mplife.com,
meijer.com,
walgreens.com,
momoshop.com.tw,
serebii.net,
google.ee,
carview.co.jp,
sdpnoticias.com,
mrmlsmatrix.com,
rakuten.ne.jp,
readserver.net,
cruisecritic.com,
moudamepo.com,
txtsrving.info,
ryanair.com,
cwan.com,
tipico.com,
hamshahrionline.ir,
freedigitalphotos.net,
blogspot.ch,
skai.gr,
acdcads.com,
beget.ru,
plurk.com,
tympanus.net,
manager.co.th,
perfectworld.eu,
cqcounter.com,
beyebe.com,
biglobe.ne.jp,
shejis.com,
geilundlive.com,
optmd.com,
685wo.com,
bet365.com,
blogspot.no,
fastdailyfind.com,
mainichi.jp,
matomeantena.com,
chinadaily.com.cn,
bodisparking.com,
microsofttranslator.com,
wikimedia.org,
ymlp.com,
batdongsan.com.vn,
blogspot.com.es,
trthaber.com,
a-q-f.com,
valuedealshopper.com,
chinabroadcast.cn,
narutoget.com,
chuandong.com,
totalbeauty.com,
tatatele.in,
xywy.com,
paipai.com,
edgesuite.net,
redirsvc.com,
yieldmanager.com,
qiyou.com,
asahi.com,
sextube.fm,
haqaik.com,
adnxs.com,
youngpornvideos.com,
mangocity.com,
aeriagames.com,
rxlist.com,
google.co.hu,
imp.free.fr,
mypageresults.com,
al-akhbar.com,
jia.com,
rdio.com,
newsmth.net,
amulyam.in,
chillingeffects.org,
axisbank.co.in,
myhabit.com,
immoral.jp,
dev-point.com,
sssc.cn,
incredibar-search.com,
mercadopago.com,
seriespepito.com,
clixsense.com,
google.ro,
2ch.net,
shinyinnovation.com,
tinsao.net,
india.com,
orkut.com,
aircel.com,
santandernet.com.br,
sagawa-exp.co.jp,
appbrain.com,
usairways.com,
craigslist.co.uk,
yahoo.com,
google.com,
kuronekoyamato.co.jp,
yaske.to,
google.com.py,
friv.com,
sp.gov.br,
leggo.it,
youxiduo.com,
rk.com,
swiki.jp,
goal.com,
opodo.co.uk,
vodonet.net,
enjin.com,
sitepronews.com,
saudiairlines.com,
uuyoyo.com,
mydomainadvisor.com,
redtram.com,
leckerficken.de,
mcssl.com,
testflightapp.com,
mypearson.com,
diply.com,
longhoo.net,
property24.com,
herschina.com,
national-lottery.co.uk,
google.se,
dntrck.com,
niroensani.ir,
media.tumblr.com,
gzdsw.com,
loading-delivery1.com,
6tie.com,
oem.com.mx,
allhyipmonitors.com,
1.1.1.1,
bankcomm.com,
bancomercantil.com,
adverstitial.com,
ptt.cc,
qidian.com,
whois.sc,
ambitoweb.com,
firstpost.com,
kuaibo.com,
ksu.edu.sa,
zhibo8.cc,
3158.cn,
porn.com,
rqzao.com,
disquscdn.com,
msn.com.cn,
securepaynet.net,
fssnet.co.in,
daily.co.jp,
lusongsong.com,
xsrving.com,
eshopmasters.com,
gao7.com,
nordstrom.com,
tejaratbank.net,
creditmutuel.fr,
163.com,
lexilogos.com,
edline.net,
premium.wix.com,
mathrubhumi.com,
madrid.org,
esam.ir,
sexlunch.com,
pubdirecte.com,
2670.com,
twiends.com,
himasoku.com,
uyan.cc,
hc360.com,
adorika.net,
scrubtheweb.com,
fybersearch.com,
yahoo.co.jp,
delta-search.com,
discart.ru,
eqla3.com,
smbc.co.jp,
creativecow.net,
cartfill.in,
google.com.ua,
siweiw.com,
tuanweihui.com,
bunshun.jp,
teebik.com,
colissimo.fr,
credomatic.com,
victoriassecret.com,
findthebest.com,
imgsrc.ru,
visa.com,
airtelbroadband.in,
netgear.com,
google.sn,
jmp9.com,
usearchmedia.com,
gosong.net,
palxxx.com,
pornhub.com,
yieldtraffic.com,
vconnect.com,
asiandatingbeauties.com,
entertainment-factory.com,
saisoncard.co.jp,
fanbox.com,
toing.com.br,
gutenberg.org,
topshop.com,
asos.fr,
netteller.com,
tdcanadatrust.com,
webinarjam.net,
yiqifa.com,
roboform.com,
strato.de,
singaporeair.com,
google.com.tw,
free-press-release.com,
state.tx.us,
developpez.net,
die-boersenformel.com,
fardanews.com,
alarabiya.net,
starv.ir,
sc.com,
advertisernets.com,
21cn.com,
englishforums.com,
18qt.com,
webtretho.com,
funnyjunk.com,
115.com,
airtelforum.com,
wealink.com,
pagomiscuentas.com,
bl.ee,
kasikornbankgroup.com,
yomiuri.co.jp,
msi.com,
bancsabadell.com,
passportindia.gov.in,
buysub.com,
alternate.de,
widgetbox.com,
blogspot.ie,
ip-adress.com,
developunit.info,
btyou.com,
alluc.to,
pornyaz.com,
coolkora.com,
gamersky.com,
bdjobs.com,
jumponhottie.com,
cago365.com,
tp-link.com.cn,
lgmi.com,
blackhatworld.com,
rt.com,
uba.ar,
blogspot.com.tr,
eldia.com.ar,
elwatannews.com,
dell.com,
kompasiana.com,
shooshtime.com,
redad.ru,
online.sh.cn,
google.cz,
fusionmls.com,
akamai.com,
rackcdn.com,
gsmhosting.com,
sulekha.com,
icims.com,
cityadspix.com,
hpylgr.com,
wahuu.com,
websurf.ru,
google.hr,
sheershanews.com,
adhitz.com,
preev.com,
gusuwang.com,
cricfree.tv,
clickey.com,
aipai.com,
gorilla-evolution.com,
binzhi.com,
topseda.ir,
sextoycraze.com,
halifax-online.co.uk,
bestadbid.com,
gacetainformativa.com,
google.com.kh,
google.com.bh,
backpackers.com.tw,
searchgol.com,
12306.cn,
blackberry.com,
linio.com.co,
uzai.com,
corporate-ir.net,
rs-online.com,
banvenez.com,
djangoproject.com,
leadimpact.com,
tyroodr.com,
google.co.in,
fc2-erodouga.com,
8684.cn,
rcom.co.in,
22.cn,
linkwithin.com,
skycn.com,
oddschecker.com,
spirit.com,
rogers.com,
51cto.com,
duga.jp,
msn.co.jp,
europa.eu,
jobomas.com,
greatmmos.com,
chinaluxus.com,
myvidster.com,
37signals.com,
tuniu.com,
rs.gov.br,
amazon.ca,
wasu.cn,
viator.com,
the-binary-theorem.com,
mihanwebads.com,
rakuten.tw,
go2000.com,
yekmobile.com,
google.co.tz,
incometaxindiaefiling.gov.in,
playstation.com,
vistaprint.in,
brassring.com,
pr.gov.br,
hotfile.com,
bankrate.com.cn,
zendesk.com,
goindigo.in,
1.254.254.254,
gov.on.ca,
google.com.bd,
cduniverse.com,
biccamera.com,
xda-developers.com,
askul.co.jp,
commerzbanking.de,
support.empowernetwork.com,
cjn.cn,
douban.com,
flickr.com,
usaa.com,
fuub.net,
copyscape.com,
fararu.com,
196.1.211.6,
joomlaspanish.org,
cnwest.com,
feedburner.com,
incredimail.com,
supremporn.tk,
google.mu,
javaplayer.info,
purevid.com,
casadellibro.com,
mturk.com,
zeroredirect2.com,
tsinghua.edu.cn,
governmentjobs.com,
indonetwork.co.id,
baihe.com,
google.com.pe,
ocsn.com,
google.com.np,
rong360.com,
intesasanpaolo.com,
softonic.com.br,
zamunda.net,
the-binary-trader.biz,
vivanuncios.com.mx,
yournewscorner.com,
wiktionary.org,
adplxmd.com,
cs.com.cn,
kelkoo.com,
23hh.com,
microsoft.com,
lefeng.com,
linio.com.mx,
google.bg,
hbogo.com,
cumhuriyet.com.tr,
sportsdirect.com,
im286.com,
notimex.com.mx,
traffic-delivery.com,
258.com,
bazingamob.com,
whfoods.com,
tiboo.cn,
idbibank.co.in,
500wan.com,
hichina.com,
nat.gov.tw,
frys.com,
google.ch,
vocuspr.com,
cdstm.cn,
92lux.cn,
google.com.sv,
bestusefuldownloads.com,
bancochile.cl,
