"1","akismet","0","24359","39900"
"2","google-sitemap-generator","0","13765","39786"
"3","wordpress-seo","0","13819","39506"
"4","contact-form-7","0","10392","39147"
"5","better-wp-security","0","3220","38988"
"6","nextgen-gallery","0","3708","38583"
"7","jetpack","1","9165","37784"
"8","w3-total-cache","0","9289","37619"
"9","wysija-newsletters","1","2422","37613"
"10","woocommerce","0","2733","37372"
"11","wordpress-importer","0","7788","37109"
"12","all-in-one-seo-pack","0","9413","36943"
"13","google-analytics-dashboard-for-wp","0","2419","36858"
"14","really-simple-captcha","0","3996","36606"
"15","wp-optimize","0","5112","36558"
"16","wordfence","0","3519","36794"
"17","coming-soon-maintenance-mode-ready","0","1831","36347"
"18","broken-link-checker","0","4522","36510"
"19","disable-comments","0","2271","36632"
"20","google-analytics-for-wordpress","0","5692","37124"
"21","worker","0","2465","37185"
"22","advanced-custom-fields","0","3919","37187"
"23","wptouch","0","3775","37152"
"24","the-events-calendar","0","2158","36233"
"25","black-studio-tinymce-widget","0","2051","36356"
"26","social-networks-auto-poster-facebook-twitter-g","0","3135","36096"
"27","wp-pagenavi","0","7113","36064"
"28","shortcodes-ultimate","0","2274","37075"
"29","ml-slider","0","2146","37063"
"30","share-this","0","1850","35736"
"31","wp-super-cache","0","8066","35643"
"32","tinymce-advanced","0","4444","36000"
"33","updraftplus","0","2625","37072"
"34","contact-form-plugin","0","2376","37176"
"35","wp-to-twitter","0","2757","37134"
"36","contact-form-7-to-database-extension","0","2203","34287"
"37","wp-slimstat","0","1956","36832"
"38","facebook","0","3298","36990"
"39","shareaholic","0","2927","37088"
"40","newsletter","0","2289","34496"
"41","slideshow-jquery-image-gallery","0","2001","36718"
"42","regenerate-thumbnails","0","4689","34312"
"43","wp-google-maps","0","1878","36525"
"44","user-role-editor","0","3146","35358"
"45","vipers-video-quicktags","0","2471","34941"
"46","seo-ultimate","0","2329","35140"
"47","photo-gallery","0","1937","36956"
"48","captcha","0","3113","36904"
"49","add-to-any","0","2058","33607"
"50","all-video-gallery","1","1817","35624"
"51","duplicate-post","0","3136","36088"
"52","backwpup","0","2673","33352"
"53","mailchimp-for-wp","0","2248","36807"
"54","siteorigin-panels","0","1944","36926"
"55","gallery-plugin","0","1912","34500"
"56","squirrly-seo","0","1847","34263"
"57","bbpress","0","3179","36530"
"58","buddypress","0","2248","32852"
"59","backupwordpress","0","2433","36881"
"60","options-framework","0","2066","37105"
"61","bulletproof-security","0","2157","32730"
"62","ewww-image-optimizer","0","2625","36189"
"63","duplicator","0","2171","32790"
"64","ajax-thumbnail-rebuild","0","2372","35558"
"65","ultimate-coming-soon-page","0","1992","33354"
"66","breadcrumb-navxt","0","2783","35416"
"67","wp-e-commerce","0","1853","33220"
"68","wp-user-avatar","0","2278","34933"
"69","google-analyticator","0","3041","33567"
"70","soliloquy-lite","0","1895","34928"
"71","all-in-one-wp-security-and-firewall","0","2039","33417"
"72","download-manager","0","1974","34790"
"73","post-types-order","0","2192","33305"
"74","ultimate-tinymce","0","2393","34620"
"75","custom-facebook-feed","0","1792","33202"
"76","google-sitemap-plugin","0","2269","34466"
"77","addthis","0","2779","33417"
"78","ninja-forms","0","1943","34369"
"79","responsive-add-ons","0","1868","33486"
"80","qtranslate","1","2052","34011"
"81","xhanch-my-twitter","0","1826","33448"
"82","youtube-embed-plus","0","1977","33921"
"83","easy-adsense-lite","0","2083","33414"
"84","wp-postviews","1","3841","33742"
"85","responsive-lightbox","0","1995","33560"
"86","social-media-feather","0","1969","33337"
"87","sucuri-scanner","0","2174","33724"
"88","powerpress","0","2291","33477"
"89","yet-another-related-posts-plugin","0","4321","33529"
"90","si-contact-form","0","2803","33936"
"91","mce-table-buttons","0","1978","33013"
"92","wp-lightbox-2","0","1979","33633"
"93","wp-mail-smtp","0","2905","33503"
"94","wp-fastest-cache","0","1984","33723"
"95","nrelate-related-content","0","3185","33184"
"96","googleanalytics","0","2895","33737"
"97","wp-maintenance-mode","0","2538","33298"
"98","wp-db-backup","0","3650","33445"
"99","simple-page-ordering","0","2047","33494"
"100","mainwp-child","0","1845","33196"
"101","types","0","2218","32956"
"102","wp-smushit","0","4218","33131"
"103","autoptimize","0","2158","33183"
"104","nextgen-facebook","0","1974","32810"
"105","google-maps-widget","0","1842","33149"
"106","redirection","0","4842","32872"
"107","video-thumbnails","0","2265","33277"
"108","s2member","0","2003","32590"
"109","limit-login-attempts","0","3671","33044"
"110","tablepress","0","2497","32737"
"111","underconstruction","1","2023","33108"
"112","search-everything","1","2229","32863"
"113","xcloner-backup-and-restore","1","1950","32938"
"114","pretty-link","1","2866","32673"
"115","nextcellent-gallery-nextgen-legacy","1","1870","33642"
"116","cms-tree-page-view","1","1997","32136"
"117","stream-video-player","1","1861","33165"
"118","file-gallery","1","1862","32226"
"119","content-slide","1","1826","33091"
"120","wp-symposium","1","1822","32006"
"121","hms-testimonials","1","1829","33644"
"122","wp-print","1","2254","32186"
"123","lazyest-gallery","1","1832","33148"
"124","google-maps-ready","0","1834","31767"
"125","simple-share-buttons-adder","0","2319","33036"
"126","fancier-author-box","0","2071","32134"
"127","add-link-to-facebook","0","1957","33104"
"128","image-widget","0","2561","32140"
"129","simple-lightbox","0","2038","32589"
"130","codestyling-localization","0","2136","32417"
"131","bet-on-sports","0","1830","33029"
"132","blogger-importer","0","2261","32059"
"133","wp-statistics","0","2043","32360"
"134","easy-media-gallery","0","1831","32053"
"135","floating-social-media-icon","0","1943","32361"
"136","jw-player-plugin-for-wordpress","0","2307","31728"
"137","formget-contact-form","0","1826","32745"
"138","seo-image","0","3427","31899"
"139","easy-fancybox","0","2170","32345"
"140","wp-social-bookmarking-light","0","1947","31800"
"141","widget-logic","0","2928","32136"
"142","iframe","0","2158","31846"
"143","ditty-news-ticker","0","1877","32152"
"144","force-regenerate-thumbnails","0","2106","31697"
"145","testimonials-widget","0","1887","31775"
"146","really-simple-facebook-twitter-share-buttons","0","2208","32277"
"147","quick-cache","0","2404","31916"
"148","theme-my-login","0","2273","33685"
"149","smart-youtube","0","2278","33944"
"150","wp-polls","0","3881","34192"
"151","maxbuttons","0","1941","37127"
"152","slider-image","0","1864","37389"
"153","list-category-posts","0","2324","36697"
"154","gallery-bank","0","1860","37428"
"155","wiziapp-create-your-own-native-iphone-app","0","1941","37328"
"156","all-in-one-favicon","0","2470","36841"
"157","plugnedit","0","1872","37690"
"158","bruteprotect","0","2045","37550"
"159","custom-sidebars","0","2250","37298"
"160","wordpress-23-related-posts-plugin","0","3046","37003"
"161","lightbox-plus","0","2457","34821"
"162","jigoshop","0","1887","37353"
"163","wp-photo-album-plus","0","1898","37039"
"164","wp-dbmanager","0","3235","36769"
"165","newstatpress","0","1914","37489"
"166","zopim-live-chat","0","1934","36941"
"167","wp-members","0","1943","37725"
"168","advanced-access-manager","0","2003","37364"
"169","relevanssi","0","2628","37280"
"170","page-links-to","0","2800","37351"
"171","wp-clone-by-wp-academy","0","1938","37077"
"172","easy-contact-forms","0","2008","37202"
"173","wp-gallery-custom-links","0","1946","36095"
"174","syntaxhighlighter","0","3039","37016"
"175","polylang","0","1913","37201"
"176","spider-event-calendar","0","1858","36574"
"177","custom-post-type-ui","0","2448","37241"
"178","leaflet-maps-marker","0","1874","36662"
"179","wp-retina-2x","0","2010","36811"
"180","subscribe2","0","2042","36842"
"181","flamingo","0","1955","36796"
"182","display-widgets","0","2338","36811"
"183","cloudflare","0","2923","36698"
"184","media-library-assistant","0","1867","37349"
"185","coming-soon","0","1964","36725"
"186","enable-media-replace","0","2156","37027"
"187","facebook-button-plugin","0","1973","36580"
"188","wp-google-fonts","0","2181","36853"
"189","wp-content-copy-protection","0","1977","37265"
"190","si-captcha-for-wordpress","0","2641","35810"
"191","woosidebars","0","2097","36650"
"192","zedity","0","1859","37261"
"193","wowslider","0","1899","36367"
"194","comprehensive-google-map-plugin","0","1927","37184"
"195","wordpress-backup-to-dropbox","0","2227","36947"
"196","search-and-replace","0","3110","37158"
"197","recent-tweets-widget","0","1899","30724"
"198","maintenance","0","2026","35351"
"199","testimonials-by-woothemes","0","1883","33138"
"200","simple-sitemap","0","1924","32740"
"201","vaultpress","0","2345","29541"
"202","facebook-like-box-widget","0","2183","31430"
"203","rating-widget","0","1918","29331"
"204","easy-digital-downloads","0","1995","30519"
"205","ready-backup","0","1840","28924"
"206","adrotate","0","2589","31343"
"207","events-manager","0","1962","29486"
"208","really-simple-twitter-feed-widget","0","1892","30667"
"209","event-organiser","0","1862","29868"
"210","simple-social-icons","0","2420","29392"
"211","all-in-one-event-calendar","0","1935","31102"
"212","form-maker","0","1855","28435"
"213","login-lockdown","0","2478","31738"
"214","wp-noexternallinks","0","2059","28477"
"215","wp-simple-firewall","0","1818","30185"
"216","download-monitor","0","2119","29667"
"217","velvet-blues-update-urls","0","2059","29439"
"218","google-language-translator","0","1898","30912"
"219","wp-video-lightbox","0","1954","28850"
"220","custom-login","0","1896","31019"
"221","wp-rss-aggregator","0","1886","28742"
"222","pricing-table","0","1858","29708"
"223","social-media-widget","0","2303","28766"
"224","woocommerce-delivery-notes","0","1853","30420"
"225","antispam-bee","0","2343","28502"
"226","e-mailit","0","1858","30549"
"227","yith-woocommerce-wishlist","0","1823","28226"
"228","smart-slider-2","0","1828","29769"
"229","advanced-responsive-video-embedder","0","1842","29230"
"230","tac","0","2286","29569"
"231","facebook-comments-plugin","0","2531","30185"
"232","easy-theme-and-plugin-upgrades","0","1909","28498"
"233","kebo-twitter-feed","0","1869","30588"
"234","visual-form-builder","0","1946","29639"
"235","twitter-facebook-google-plusone-share","0","2187","29624"
"236","wp-security-scan","0","2311","28723"
"237","password-protected","0","1884","30362"
"238","add-meta-tags","0","2140","28160"
"239","digg-digg","0","2801","30959"
"240","alpine-photo-tile-for-instagram","0","1960","27364"
"241","yith-woocommerce-compare","0","1848","29986"
"242","wordpress-popular-posts","0","3529","28528"
"243","google-xml-sitemap","0","1983","30673"
"244","fourteen-extended","0","1840","28582"
"245","bwp-google-xml-sitemaps","0","2666","29039"
"246","hotfix","0","2073","29184"
"247","formidable","0","1984","29160"
"248","google-universal-analytics","0","1861","27763"
"249","erident-custom-login-and-dashboard","0","1833","29819"
"250","iwp-client","0","2082","27532"
"251","easy-table","0","1975","30542"
"252","dynamic-widgets","0","2062","27166"
"253","wp-filebase","0","1865","30443"
"254","easing-slider","0","1872","26857"
"255","wp-social-seo-booster","0","1877","31247"
"256","p3-profiler","0","3138","27403"
"257","contactuscom","0","1841","29801"
"258","contact-bank","0","1821","27473"
"259","asesor-cookies-para-la-ley-en-espana","0","1890","30310"
"260","social-count-plus","0","1926","26141"
"261","synved-shortcodes","0","1876","30585"
"262","jquery-updater","0","1934","26476"
"263","contact-form-7-integrations","0","1834","29563"
"264","cyclone-slider-2","0","1825","26750"
"265","cta","0","1884","29173"
"266","polldaddy","0","2332","28364"
"267","option-tree","0","1895","28982"
"268","font","0","1915","26960"
"269","wp-smtp","0","1897","29251"
"270","dw-question-answer","0","1861","26906"
"271","youtube-channel-gallery","0","1981","28970"
"272","quick-pagepost-redirect-plugin","0","2564","27075"
"273","iq-block-country","0","1886","29570"
"274","slideshow-gallery","0","1912","27152"
"275","ultimate-maintenance-mode","0","1959","28727"
"276","custom-post-widget","0","1842","27202"
"277","simple-301-redirects","0","2457","30038"
"278","theme-check","0","1906","27316"
"279","clean-and-simple-contact-form-by-meg-nicholas","0","1873","28174"
"280","admin-menu-editor","0","1997","28049"
"281","wordpress-simple-paypal-shopping-cart","0","1834","27620"
"282","booking","0","1852","27451"
"283","members","0","2343","28098"
"284","soundcloud-shortcode","0","1950","28838"
"285","contact-form-maker","0","1809","26813"
"286","pinterest-pin-it-button","0","2129","28537"
"287","wp-no-category-base","0","2576","26825"
"288","taxonomy-terms-order","0","2013","28400"
"289","wpsso","0","1822","28100"
"290","wp-construction-mode","0","1791","26457"
"291","anti-spam","0","2148","29369"
"292","maintenance-mode","0","2531","27517"
"293","chartbeat","0","1931","27031"
"294","official-statcounter-plugin-for-wordpress","0","2380","27363"
"295","email-users","0","2012","26903"
"296","fancybox-for-wordpress","0","2036","27935"
"297","shortcode-exec-php","0","1947","26268"
"298","widget-css-classes","0","1902","27770"
"299","wp-conditional-captcha","0","1857","27469"
"300","paypal-donations","0","1883","26853"
"301","lightbox-gallery","0","1928","28178"
"302","wp-job-manager","0","1831","26250"
"303","events-made-easy","0","1809","28782"
"304","seo-facebook-comments","0","2081","26835"
"305","ckeditor-for-wordpress","0","1988","28811"
"306","yith-woocommerce-ajax-navigation","0","1807","27454"
"307","leads","0","1853","27599"
"308","social-polls-by-opinionstage","0","1891","27206"
"309","simple-custom-css","0","1879","28567"
"310","antivirus","0","2178","25390"
"311","xml-sitemap-feed","0","2221","27489"
"312","google-document-embedder","0","1892","25652"
"313","virtue-toolkit","0","1790","28207"
"314","wp-sitemap-page","0","1876","26317"
"315","php-code-widget","0","2526","28174"
"316","pricing-table-ready","0","1802","25966"
"317","wordpress-social-ring","0","1890","27372"
"318","upprev","0","1955","26142"
"319","easy-google-fonts","0","1823","26632"
"320","codepress-admin-columns","0","1937","26695"
"321","wordpress-reset","0","1792","26325"
"322","wp-editor","0","1912","26910"
"323","hupso-share-buttons-for-twitter-facebook-google","0","1943","25807"
"324","platinum-seo-pack","0","2168","26720"
"325","editorial-calendar","0","2430","26694"
"326","seo-automatic-links","0","2339","26821"
"327","page-layout-builder","0","1812","27296"
"328","printfriendly","0","2123","25903"
"329","paid-memberships-pro","0","1850","26459"
"330","sociable","0","2133","25728"
"331","easy-bootstrap-shortcodes","0","1795","26941"
"332","wp125","0","1993","25572"
"333","easy-instagram","0","1850","27271"
"334","ps-auto-sitemap","0","1940","26085"
"335","widget-importer-exporter","0","1879","26488"
"336","woocommerce-checkout-manager","0","1848","26021"
"337","stats","0","2379","26316"
"338","video-embed-thumbnail-generator","0","1883","26151"
"339","widget-twitter","0","1777","25142"
"340","jm-twitter-cards","0","1963","26821"
"341","recent-posts-widget-extended","0","1960","25242"
"342","wp-socializer","0","2073","26584"
"343","slidedeck2","0","1851","26365"
"344","wp-database-backup","0","1832","25950"
"345","site-is-offline-plugin","0","1846","26928"
"346","smart-manager-for-wp-e-commerce","0","1824","26071"
"347","stop-spammer-registrations-plugin","0","2054","26894"
"348","simple-social-buttons","0","1911","26336"
"349","wp-postratings","0","2820","25859"
"350","mappress-google-maps-for-wordpress","0","1899","26383"
"351","yith-woocommerce-zoom-magnifier","0","1822","26106"
"352","gigpress","0","1844","25167"
"353","pie-register","0","1846","25629"
"354","use-any-font","0","1856","26536"
"355","social-locker","0","1940","25616"
"356","meta-box","0","1931","26604"
"357","google-publisher","0","2051","26331"
"358","contextual-related-posts","0","2108","25048"
"359","meteor-slides","0","1902","25888"
"360","wp-recaptcha","0","2120","25051"
"361","buddypress-media","0","1824","26469"
"362","statpress","0","1912","25513"
"363","atcontent","0","1846","25785"
"364","simple-history","0","1897","26730"
"365","wp-migrate-db","0","1955","24877"
"366","wp-spamshield","0","1866","26647"
"367","plugin-organizer","0","1867","24344"
"368","advanced-iframe","0","1827","26879"
"369","wp-rss-multi-importer","0","1978","26721"
"370","spider-facebook","0","1811","24504"
"371","wordpress-https","0","2170","27170"
"372","quick-adsense","0","2738","24814"
"373","subscribe-to-comments-reloaded","0","2190","26384"
"374","insert-html-snippet","0","1856","25186"
"375","adsense-plugin","0","1885","26266"
"376","user-switching","0","1957","24684"
"377","link-manager","0","2011","25888"
"378","social","0","2090","25732"
"379","easy-pricing-tables","0","1827","27099"
"380","custom-post-type-permalinks","0","1869","25354"
"381","wp-about-author","0","1844","26510"
"382","wassup","0","1876","26484"
"383","user-access-manager","0","1834","24901"
"384","rustolat","0","1976","26152"
"385","get-the-image","0","2011","24973"
"386","column-shortcodes","0","1844","26487"
"387","contact-form-manager","0","1814","24667"
"388","nextend-facebook-connect","0","1831","26871"
"389","rename-wp-login","0","1329","24078"
"390","youtube-channel","0","1396","25158"
"391","genesis-simple-edits","0","2179","25582"
"392","portfolio","0","1801","25530"
"393","wp-ultimate-csv-importer","0","1764","26108"
"394","adminimize","0","1944","23606"
"395","woocommerce-de","0","1783","25823"
"396","fv-wordpress-flowplayer","0","1778","24689"
"397","vkontakte-api","0","1795","26249"
"398","gravity-forms-addons","0","1779","24248"
"399","hello-dolly","0","898","13030"
"400","media-file-manager-advanced","0","0","0"
"401","block-bad-queries","0","0","0"
"402","responsive-menu","0","0","0"
"403","gotmls","0","0","0"
"404","seo-rank-reporter","0","0","0"
"405","register-plus-redux","0","0","0"
"406","uber-login-logo","0","0","0"
"407","profile-builder","0","0","0"
"408","exclude-pages","0","0","0"
"409","auto-post-thumbnail","0","0","0"
"410","custom-permalinks","0","0","0"
"411","genesis-enews-extended","0","0","0"
"412","easy-columns","0","0","0"
"413","metro-style-social-widget","0","0","0"
"414","audio-player","0","0","0"
"415","loginradius-for-wordpress","0","0","0"
"416","posts-to-posts","0","0","0"
"417","cleantalk-spam-protect","0","0","0"
"418","bwp-minify","0","0","0"
"419","tubepress","0","0","0"
"420","logo-slider","0","0","0"
"421","simple-tags","0","0","0"
"422","crayon-syntax-highlighter","0","0","0"
"423","xml-sitemaps","0","0","0"
"424","wc-shortcodes","0","0","0"
"425","rvg-optimize-database","0","0","0"
"426","login-with-ajax","0","0","0"
"427","player","0","0","0"
"428","facebook-page-promoter-lightbox","0","0","0"
"429","embedplus-for-wordpress","0","0","0"
"430","wp-robots-txt","0","0","0"
"431","responsive-select-menu","0","0","0"
"432","google-xml-sitemaps-v3-for-qtranslate","0","0","0"
"433","fourteen-colors","0","0","0"
"434","related-posts","0","0","0"
"435","sitemap-generator-for-webmasters","0","0","0"
"436","woocommerce-google-analytics-integration","0","0","0"
"437","post-expirator","0","0","0"
"438","twitter-widget-pro","0","0","0"
"439","flare","0","0","0"
"440","transposh-translation-filter-for-wordpress","0","0","0"
"441","codepeople-post-map","0","0","0"
"442","image-zoom","0","0","0"
"443","amr-shortcode-any-widget","0","0","0"
"444","wp-review","0","0","0"
"445","the-casengo-chat-widget","0","0","0"
"446","white-label-cms","0","0","0"
"447","video-playlist-and-gallery-plugin","0","0","0"
"448","trust-form","0","0","0"
"449","nrelate-flyout","0","0","0"
"450","wordpress-popup","0","0","0"
"451","wp-all-import","0","0","0"
"452","infinite-scroll","0","0","0"
"453","wp-total-hacks","0","0","0"
"454","acurax-social-media-widget","0","0","0"
"455","google-captcha","0","0","0"
"456","woocommerce-mailchimp","0","0","0"
"457","sz-google","0","0","0"
"458","oauth-twitter-feed-for-developers","0","0","0"
"459","delightful-downloads","0","0","0"
"460","page-flip-image-gallery","0","0","0"
"461","secure-wordpress","0","0","0"
"462","spam-free-wordpress","0","0","0"
"463","compact-wp-audio-player","0","0","0"
"464","wp-minify","0","0","0"
"465","peters-login-redirect","0","0","0"
"466","widget-settings-importexport","0","0","0"
"467","facebook-members","0","0","0"
"468","instagram-for-wordpress","0","0","0"
"469","ecwid-shopping-cart","0","0","0"
"470","sendpress","0","0","0"
"471","background-manager","0","0","0"
"472","woocommerce-all-in-one-seo-pack","0","0","0"
"473","addthis-smart-layers","0","0","0"
"474","simple-local-avatars","0","0","0"
"475","lightbox-pop","0","0","0"
"476","optin-revolution","0","0","0"
"477","oa-social-login","0","0","0"
"478","intelliwidget-per-page-featured-posts-and-menus","0","0","0"
"479","bad-behavior","0","0","0"
"480","cookie-notice","0","0","0"
"481","all-in-one-schemaorg-rich-snippets","0","0","0"
"482","use-google-libraries","0","0","0"
"483","document-gallery","0","0","0"
"484","sitemap","0","0","0"
"485","wpcat2tag-importer","0","0","0"
"486","sidebar-login","0","0","0"
"487","tumblr-importer","0","0","0"
"488","genesis-simple-hooks","0","0","0"
"489","add-from-server","0","0","0"
"490","jquery-mega-menu","0","0","0"
"491","social-contact-display","0","0","0"
"492","child-theme-configurator","0","0","0"
"493","rss-image-feed","0","0","0"
"494","exec-php","0","0","0"
"495","google-analytics-dashboard","0","0","0"
"496","social-sharing-toolkit","0","0","0"
"497","webriti-smtp-mail","0","0","0"
"498","twitter-tools","0","0","0"
"499","all-in-one-webmaster","0","0","0"
"500","q2w3-fixed-widget","0","0","0"
"501","standout-color-boxes-and-buttons","0","0","0"
"502","yop-poll","0","0","0"
"503","contact-form-with-a-meeting-scheduler-by-vcita","0","0","0"
"504","wordpress-mobile-pack","0","0","0"
"505","multilingual-press","0","0","0"
"506","another-wordpress-classifieds-plugin","0","0","0"
"507","woocommerce-multilingual","0","0","0"
"508","intuitive-custom-post-order","0","0","0"
"509","html-editor-syntax-highlighter","0","0","0"
"510","wordpress-mu-domain-mapping","0","0","0"
"511","feedwordpress","0","0","0"
"512","growmap-anti-spambot-plugin","0","0","0"
"513","google-calendar-events","0","0","0"
"514","social-stickers","0","0","0"
"515","contact-form-7-datepicker","0","0","0"
"516","calendar","0","0","0"
"517","jquery-vertical-accordion-menu","0","0","0"
"518","floating-social-bar","0","0","0"
"519","hyper-cache","0","0","0"
"520","count-per-day","0","0","0"
"521","categories-images","0","0","0"
"522","wp-useronline","0","0","0"
"523","wp-easy-gallery","0","0","0"
"524","wordbooker","0","0","0"
"525","html5-jquery-audio-player","0","0","0"
"526","cookie-law-info","0","0","0"
"527","smooth-scroll-up","0","0","0"
"528","cachify","0","0","0"
"529","itro-popup","0","0","0"
"530","easy-coming-soon","0","0","0"
"531","contact-form-7-modules","0","0","0"
"532","wp-jquery-lightbox","0","0","0"
"533","insert-headers-and-footers","0","0","0"
"534","genesis-responsive-slider","0","0","0"
"535","custom-field-template","0","0","0"
"536","rss-importer","0","0","0"
"537","smooth-slider","0","0","0"
"538","reveal-ids-for-wp-admin-25","0","0","0"
"539","awesome-weather","0","0","0"
"540","app-your-wordpress-uppsite","0","0","0"
"541","any-mobile-theme-switcher","0","0","0"
"542","wp-google-map-plugin","0","0","0"
"543","wp-mobile-detector","0","0","0"
"544","features-by-woothemes","0","0","0"
"545","header-footer","0","0","0"
"546","cpt-bootstrap-carousel","0","0","0"
"547","widgets-on-pages","0","0","0"
"548","searchterms-tagging-2","0","0","0"
"549","wp-facebook-open-graph-protocol","0","0","0"
"550","nrelate-most-popular","0","0","0"
"551","free-google-fonts","0","0","0"
"552","wordpress-ping-optimizer","0","0","0"
"553","debug-bar","0","0","0"
"554","jquery-pin-it-button-for-images","0","0","0"
"555","adminer","0","0","0"
"556","baidu-sitemap-generator","0","0","0"
"557","jquery-colorbox","0","0","0"
"558","smk-sidebar-generator","0","0","0"
"559","insert-php","0","0","0"
"560","ose-firewall","0","0","0"
"561","baw-post-views-count","0","0","0"
"562","wp-page-widget","0","0","0"
"563","wp-flexible-map","0","0","0"
"564","social-sharing-buttons-by-addshoppers","0","0","0"
"565","contact-form-7-honeypot","0","0","0"
"566","dropdown-menu-widget","0","0","0"
"567","revision-control","0","0","0"
"568","simply-instagram","0","0","0"
"569","business-directory-plugin","0","0","0"
"570","theme-test-drive","0","0","0"
"571","ik-facebook","0","0","0"
"572","imsanity","0","0","0"
"573","special-recent-posts","0","0","0"
"574","wordpress-bootstrap-css","0","0","0"
"575","groupdocs-viewer","0","0","0"
"576","wp-piwik","0","0","0"
"577","tumblr-widget-for-wordpress","0","0","0"
"578","kimili-flash-embed","0","0","0"
"579","wp-table-reloaded","0","0","0"
"580","weaver-ii-theme-extras","0","0","0"
"581","multiple-post-thumbnails","0","0","0"
"582","facebook-pagelike-widget","0","0","0"
"583","contus-video-gallery","0","0","0"
"584","co-authors-plus","0","0","0"
"585","embedly","0","0","0"
"586","wordpress-social-login","0","0","0"
"587","starbox","0","0","0"
"588","quick-contact-form","0","0","0"
"589","simple-backup","0","0","0"
"590","wordpress-form-manager","0","0","0"
"591","wp-property","0","0","0"
"592","bulk-delete","0","0","0"
"593","magic-action-box","0","0","0"
"594","advanced-code-editor","0","0","0"
"595","wordpress-beta-tester","0","0","0"
"596","tab-slide","0","0","0"
"597","fg-joomla-to-wordpress","0","0","0"
"598","mp3-jplayer","0","0","0"
"599","quiz-master-next","0","0","0"
"600","simple-links","0","0","0"
"601","ajax-event-calendar","0","0","0"
"602","easy-image-gallery","0","0","0"
"603","rotatingtweets","0","0","0"
"604","woocommerce-csvimport","0","0","0"
"605","microblog-poster","0","0","0"
"606","easy-social-icons","0","0","0"
"607","woocommerce-menu-bar-cart","0","0","0"
"608","addquicktag","0","0","0"
"609","lazy-load","0","0","0"
"610","custom-contact-forms","0","0","0"
"611","nextgen-gallery-custom-fields","0","0","0"
"612","membership","0","0","0"
"613","user-submitted-posts","0","0","0"
"614","advanced-excerpt","0","0","0"
"615","hide-title","0","0","0"
"616","one-click-child-theme","0","0","0"
"617","addthis-follow","0","0","0"
"618","image-watermark","0","0","0"
"619","eshop","0","0","0"
"620","wpmbytplayer","0","0","0"
"621","configure-smtp","0","0","0"
"622","facebook-auto-publish","0","0","0"
"623","woocommerce-exporter","0","0","0"
"624","wponlinebackup","0","0","0"
"625","wpfront-user-role-editor","0","0","0"
"626","404-to-start","0","0","0"
"627","quick-chat","0","0","0"
"628","mycred","0","0","0"
"629","instagram-picture","0","0","0"
"630","exploit-scanner","0","0","0"
"631","visitor-maps","0","0","0"
"632","commentluv","0","0","0"
"633","simple-slider-ssp","0","0","0"
"634","flash-album-gallery","0","0","0"
"635","wp-user-frontend","0","0","0"
"636","wp-nivo-slider","0","0","0"
"637","widget-context","0","0","0"
"638","backup-scheduler","0","0","0"
"639","promotion-slider","0","0","0"
"640","fluid-video-embeds","0","0","0"
"641","post-thumbnail-editor","0","0","0"
"642","groups","0","0","0"
"643","wp-live-chat-support","0","0","0"
"644","wp-inject","0","0","0"
"645","wordpress-database-reset","0","0","0"
"646","twitter","0","0","0"
"647","email-log","0","0","0"
"648","videojs-html5-video-player-for-wordpress","0","0","0"
"649","simple-facebook-plugin","0","0","0"
"650","raw-html","0","0","0"
"651","nextend-accordion-menu","0","0","0"
"652","user-photo","0","0","0"
"653","simple-subscribe","0","0","0"
"654","redux-framework","0","0","0"
"655","twitter-plugin","0","0","0"
"656","wp-customer-reviews","0","0","0"
"657","yith-woocommerce-ajax-search","0","0","0"
"658","super-socializer","0","0","0"
"659","wp-product-review","0","0","0"
"660","wp-miniaudioplayer","0","0","0"
"661","woocommerce-pdf-invoices-packing-slips","0","0","0"
"662","simple-pull-quote","0","0","0"
"663","contact-form-7-dynamic-text-extension","0","0","0"
"664","meeting-scheduler-by-vcita","0","0","0"
"665","my-category-order","0","0","0"
"666","wp-twitter-feeds","0","0","0"
"667","content-aware-sidebars","0","0","0"
"668","ad-injection","0","0","0"
"669","my-page-order","0","0","0"
"670","jquery-t-countdown-widget","0","0","0"
"671","simple-ads-manager","0","0","0"
"672","google-ads-master","0","0","0"
"673","google-plus-authorship","0","0","0"
"674","simple-page-sidebars","0","0","0"
"675","clickdesk-live-support-chat-plugin","0","0","0"
"676","saphali-woocommerce-lite","0","0","0"
"677","saphali-woocommerce-lite","0","0","0"
"678","spam-destroyer","0","0","0"
"679","jquery-collapse-o-matic","0","0","0"
"680","wp-clean-up","0","0","0"
"681","order-categories","0","0","0"
"682","participants-database","0","0","0"
"683","email-encoder-bundle","0","0","0"
"684","dsidxpress","0","0","0"
"685","styles","0","0","0"
"686","no-page-comment","0","0","0"
"687","simple-photo-gallery","0","0","0"
"688","hide-my-site","0","0","0"
"689","easy-responsive-tabs","0","0","0"
"690","woocommerce-xml-csv-product-import","0","0","0"
"691","aqua-page-builder","0","0","0"
"692","fancy-box","0","0","0"
"693","really-static","0","0","0"
"694","simple-slideshow-manager","0","0","0"
"695","admin-management-xtended","0","0","0"
"696","wd-twitter-feed","0","0","0"
"697","share-social","0","0","0"
"698","feedweb","0","0","0"
"699","woocommerce-admin-bar-addition","0","0","0"
"700","simplified-social-share","0","0","0"
"701","responsive-slider","0","0","0"
"702","simplr-registration-form","0","0","0"
"703","custom-field-suite","0","0","0"
"704","global-content-blocks","0","0","0"
"705","db-cache-reloaded-fix","0","0","0"
"706","allow-php-in-posts-and-pages","0","0","0"
"707","custom-field-suite","0","0","0"
"708","enhanced-tooltipglossary","0","0","0"
"709","spam-master","0","0","0"
"710","bj-lazy-load","0","0","0"
"711","link-juice-keeper","0","0","0"
"712","connections","0","0","0"
"713","pinterest-pin-it-button-for-images","0","0","0"
"714","woocommerce-pagseguro","0","0","0"
"715","duoshuo","0","0","0"
"716","easy-pie-maintenance-mode","0","0","0"
"717","animated-gif-resize","0","0","0"
"718","verify-google-webmaster-tools","0","0","0"
"719","wp-image-slider-with-lightbox","0","0","0"
"720","wordpress-simple-survey","0","0","0"
"721","top-10","0","0","0"
"722","easy-testimonials","0","0","0"
"723","wti-like-post","0","0","0"
"724","display-posts-shortcode","0","0","0"
"725","simple-image-widget","0","0","0"
"726","crafty-social-buttons","0","0","0"
"727","m-wp-popup","0","0","0"
"728","wpnewsman-newsletters","0","0","0"
"729","fotorama","0","0","0"
"730","wp-insert","0","0","0"
"731","free-counter","0","0","0"
"732","ecommerce-product-catalog","0","0","0"
"733","kk-star-ratings","0","0","0"
"734","wp2yt-uploader","0","0","0"
"735","authorsure","0","0","0"
"736","mw-wp-form","0","0","0"
"737","mw-wp-form","0","0","0"
"738","all-in-one-wp-migration","0","0","0"
"739","global-admin-bar-hide-or-remove","0","0","0"
"740","tweet-old-post","0","0","0"
"741","html-javascript-adder","0","0","0"
"742","font-awesome","0","0","0"
"743","wp-htaccess-editor","0","0","0"
"744","store-locator","0","0","0"
"745","store-locator-le","0","0","0"
"746","paypal-for-woocommerce","0","0","0"
"747","nav-menu-roles","0","0","0"
"748","wp-filemanager","0","0","0"
"749","usc-e-shop","0","0","0"
"750","ithemes-exchange","0","0","0"
"751","mashsharer","0","0","0"
"752","wp-media-library-categories","0","0","0"
"753","facebook-like-box-pop-up","0","0","0"
"754","wp-bannerize","0","0","0"
"755","yith-maintenance-mode","0","0","0"
"756","404-redirected","0","0","0"
"757","smpl-shortcodes","0","0","0"
"758","contact-form-to-email","0","0","0"
"759","pdf-print","0","0","0"
"760","liveoptim","0","0","0"
"761","related-posts-by-zemanta","0","0","0"
"762","uji-countdown","0","0","0"
"763","amazon-link","0","0","0"
"764","cashie-commerce","0","0","0"
"765","lockdown-wp-admin","0","0","0"
"766","clicky","0","0","0"
"767","woocommerce-sharethis-integration","0","0","0"
"768","wp-easycart","0","0","0"
"769","wordtwit","0","0","0"
"770","portfolio-post-type","0","0","0"
"771","json-api","0","0","0"
"772","usernoise","0","0","0"
"773","advanced-post-slider","0","0","0"
"774","easy-maintenance-mode-coming-soon","0","0","0"
"775","media-element-html5-video-and-audio-player","0","0","0"
"776","custom-content-type-manager","0","0","0"
"777","ultimate-tag-cloud-widget","0","0","0"
"778","facebook-comments-master","0","0","0"
"779","woocommerce-poor-guys-swiss-knife","0","0","0"
"780","simple-custom-post-order","0","0","0"
"781","recent-facebook-posts","0","0","0"
"782","wp-slimstat-shortcodes","0","0","0"
"783","seamless-donations","0","0","0"
"784","simple-embed-code","0","0","0"
"785","ultimate-posts-widget","0","0","0"
"786","private-only","0","0","0"
"787","uk-cookie-consent","0","0","0"
"788","osm","0","0","0"
"789","ig-pagebuilder","0","0","0"
"790","wp-missed-schedule","0","0","0"
"791","wordpress-easy-paypal-payment-or-donation-accept-plugin","0","0","0"
"792","head-cleaner","0","0","0"
"793","woocommerce-product-archive-customiser","0","0","0"
"794","super-rss-reader","0","0","0"
"795","useful-banner-manager","0","0","0"
"796","ag-custom-admin","0","0","0"
"797","cyr3lat","0","0","0"
"798","contact-form-7-recaptcha-extension","0","0","0"
"799","nextgen-gallery-voting","0","0","0"
"800","wp-lead-plus-free-squeeze-pages-creator","0","0","0"
"801","simple-google-analytics","0","0","0"
"802","easy-watermark","0","0","0"
"803","affiliates","0","0","0"
"804","wp-hootsuite-dashboard","0","0","0"
"805","sell-media","0","0","0"
"806","ajaxy-search-form","0","0","0"
"807","wp-pagenavi-style","0","0","0"
"808","wp-image-borders","0","0","0"
"809","wp-multibyte-patch","0","0","0"
"810","len-slider","0","0","0"
"811","nimble-portfolio","0","0","0"
"812","nimble-portfolio","0","0","0"
"813","no-category-base-wpml","0","0","0"
"814","disqus-comment-system","0","0","0"
"815","user-meta-manager","0","0","0"
"816","advanced-sidebar-menu","0","0","0"
"817","fullscreen-galleria","0","0","0"
"818","advanced-wp-columns","0","0","0"
"819","gzip-ninja-speed-compression","0","0","0"
"820","cm-answers","0","0","0"
"821","table-of-contents-plus","0","0","0"
"822","post-feature-widget","0","0","0"
"823","flexytalk-widget","0","0","0"
"824","slick-social-share-buttons","0","0","0"
"825","role-scoper","0","0","0"
"826","only-tweet-like-share-and-google-1","0","0","0"
"827","breadcrumbs","0","0","0"
"828","wp-jalali","0","0","0"
"829","simple-instagram","0","0","0"
"830","simple-google-sitemap-xml","0","0","0"
"831","business-contact-widget","0","0","0"
"832","wp-native-dashboard","0","0","0"
"833","xili-language","0","0","0"
"834","wp-updates-notifier","0","0","0"
"835","wp-copyprotect","0","0","0"
"836","custom-post-template","0","0","0"
"837","shortcode-widget","0","0","0"
"838","ad-widget","0","0","0"
"839","simple-responsive-slider","0","0","0"
"840","mainwp","0","0","0"
"841","woocommerce-customizer","0","0","0"
"842","simple-captcha","0","0","0"
"843","php-code-for-posts","0","0","0"
"844","portfolio-slideshow","0","0","0"
"845","carousel-without-jetpack","0","0","0"
"846","podpress","0","0","0"
"847","counterize","0","0","0"
"848","wysiwyg-widgets","0","0","0"
"849","responsive-flickr-gallery","0","0","0"
"850","pronamic-ideal","0","0","0"
"851","tt-sidebar-login-widget","0","0","0"
"852","backup-with-restore","0","0","0"
"853","chitika-premium","0","0","0"
"854","taxonomy-metadata","0","0","0"
"855","easy-wp-parallax-slider","0","0","0"
"856","wp-file-upload","0","0","0"
"857","sharepress","0","0","0"
"858","ready-ecommerce","0","0","0"
"859","bepro-listings","0","0","0"
"860","404-redirection","0","0","0"
"861","whmcs-bridge","0","0","0"
"862","ozh-admin-drop-down-menu","0","0","0"
"863","adsense-now-lite","0","0","0"
"864","landing-pages-builder","0","0","0"
"865","pubsubhubbub","0","0","0"
"866","invite-anyone","0","0","0"
"867","adsense-explosion","0","0","0"
"868","add-to-any-subscribe","0","0","0"
"869","nextgen-scrollgallery","0","0","0"
"870","simple-twitter-tweets","0","0","0"
"871","extended-categories-widget","0","0","0"
"872","wordpress-language","0","0","0"
"873","nextgen-scrollgallery","0","0","0"
"874","facebook-profile-master","0","0","0"
"875","basic-google-maps-placemarks","0","0","0"
"876","mobile-website-builder-for-wordpress-by-dudamobile","0","0","0"
"877","csv-importer","0","0","0"
"878","cart66-lite","0","0","0"
"879","no-right-click-images-plugin","0","0","0"
"880","social-exchange-plugin","0","0","0"
"881","better-delete-revision","0","0","0"
"882","enhanced-media-library","0","0","0"
"883","dmsguestbook","0","0","0"
"884","knews","0","0","0"
"885","xml-sitemaps-for-videos","0","0","0"
"886","tinymce-and-tinymce-advanced-professsional-formats-and-styles","0","0","0"
"887","tinymce-and-tinymce-advanced-professsional-formats-and-styles","0","0","0"
"888","ultimate-landing-page-and-coming-soon-page","0","0","0"
"889","landing-pages","0","0","0"
"890","simplemodal-login","0","0","0"
"891","camera-slideshow","0","0","0"
"892","link-library","0","0","0"
"893","multisite-language-switcher","0","0","0"
"894","jquery-ui-widgets","0","0","0"
"895","wp-ajaxify-comments","0","0","0"
"896","facebook-wall-and-social-integration","0","0","0"
"897","wordpress-move","0","0","0"
"898","wp-spreadplugin","0","0","0"
"899","mailchimp","0","0","0"
"900","shortcode-menu","0","0","0"
"901","posts-in-page","0","0","0"
"902","wp-external-links","0","0","0"
"903","posts-in-page","0","0","0"
"904","ps-disable-auto-formatting","0","0","0"
"905","woocommerce-nl","0","0","0"
"906","easyrecipe","0","0","0"
"907","the-events-calendar-category-colors","0","0","0"
"908","acf-field-date-time-picker","0","0","0"
"909","bp-profile-search","0","0","0"
"910","rich-contact-widget","0","0","0"
"911","wp-lister-for-ebay","0","0","0"
"912","wp-auto-affiliate-links","0","0","0"
"913","password-protect-wordpress","0","0","0"
"914","pods","0","0","0"
"915","subscribe-to-double-opt-in-comments","0","0","0"
"916","wp-topbar","0","0","0"
"917","mechanic-visitor-counter","0","0","0"
"918","contact-form-with-captcha","0","0","0"
"919","botdetect-wp-captcha","0","0","0"
"920","cimy-user-extra-fields","0","0","0"
"921","email-newsletter","0","0","0"
"922","stream","0","0","0"
"923","woocommerce-grid-list-toggle","0","0","0"
"924","zm-ajax-login-register","0","0","0"
"925","facebook-photo-fetcher","0","0","0"
"926","instagram-slider-widget","0","0","0"
"927","sharebar","0","0","0"
"928","gplus-comments","0","0","0"
"929","capability-manager-enhanced","0","0","0"
"930","contact-us-form","0","0","0"
"931","facebook-like-button","0","0","0"
"932","widgetize-pages-light","0","0","0"
"933","wp-youtube-lyte","0","0","0"
"934","wp-responsive-photo-gallery","0","0","0"
"935","shadowbox-js","0","0","0"
"936","genesis-simple-sidebars","0","0","0"
"937","widget-title-links","0","0","0"
"938","popupally","0","0","0"
"939","google-author-link","0","0","0"
"940","newsletter-sign-up","0","0","0"
"941","wp-ui","0","0","0"
"942","login-logo","0","0","0"
"943","complete-central-backup","0","0","0"
"944","wp-admin-ui-customize","0","0","0"
"945","dynamic-to-top","0","0","0"
"946","wp-mobile-edition","0","0","0"
"947","wp-mobile-edition","0","0","0"
"948","dynamic-to-top","0","0","0"
"949","wp-cumulus","0","0","0"
"950","free-stock-photos-foter","0","0","0"
"951","wordpress-ecommerce","0","0","0"
"952","wp-fb-autoconnect","0","0","0"
"953","wp-memory-usage","0","0","0"
"954","custom-menu-wizard","0","0","0"
"955","photospace","0","0","0"
"956","hc-custom-wp-admin-url","0","0","0"
"957","instant-breadcrumbs","0","0","0"
"958","nav-menu-images","0","0","0"
"959","seo-wordpress","0","0","0"
"960","user-meta","0","0","0"
"961","newpost-catch","0","0","0"
"962","formilla-live-chat","0","0","0"
"963","newpost-catch","0","0","0"
"964","wpremote","0","0","0"
"965","feed-them-social","0","0","0"
"966","livesupporti","0","0","0"
"967","chat","0","0","0"
"968","buddypress-docs","0","0","0"
"969","leaguemanager","0","0","0"
"970","custom-maintenance-mode","0","0","0"
"971","sweetcaptcha-revolutionary-free-captcha-service","0","0","0"
"972","placester","0","0","0"
"973","slickquiz","0","0","0"
"974","alo-easymail","0","0","0"
"975","statpress-visitors","0","0","0"
"976","google-image-sitemap","0","0","0"
"977","featured-articles-lite","0","0","0"
"978","page-list","0","0","0"
"979","theme-blvd-shortcodes","0","0","0"
"980","easyrotator-for-wordpress","0","0","0"
"981","wp-special-textboxes","0","0","0"
"982","catalog","0","0","0"
"983","cpo-shortcodes","0","0","0"
"984","what-the-file","0","0","0"
"985","nextgen-flex-slider-template","0","0","0"
"986","front-end-editor","0","0","0"
"987","social-media-auto-publish","0","0","0"
"988","search-regex","0","0","0"
"989","my-custom-css","0","0","0"
"990","strictly-autotags","0","0","0"
"991","responsive-video-embeds","0","0","0"
"992","oqey-gallery","0","0","0"
"993","sem-external-links","0","0","0"
"994","fv-all-in-one-seo-pack","0","0","0"
"995","wp-parallax-content-slider","0","0","0"
"996","quttera-web-malware-scanner","0","0","0"
"997","theme-blvd-sliders","0","0","0"
"998","wp-invoice","0","0","0"
"999","add-logo-to-admin","0","0","0"
"1000","prettyphoto-media","0","0","0"
"1001","recent-posts-slider","0","0","0"
"1002","email-subscription","0","0","0"
"1003","automatic-updater","0","0","0"
"1004","wp-crontrol","0","0","0"
"1005","admin-menu-tree-page-view","0","0","0"
"1006","simple-yearly-archive","0","0","0"
"1007","iflychat","0","0","0"
"1008","login-security-solution","0","0","0"
"1009","varnish-http-purge","0","0","0"
"1010","pagerestrict","0","0","0"
"1011","testimonial-rotator","0","0","0"
"1012","new-user-approve","0","0","0"
"1013","simple-pagination","0","0","0"
"1014","ultimate-wp-query-search-filter","0","0","0"
"1015","seo-alrp","0","0","0"
"1016","feedburner-plugin","0","0","0"
"1017","ultimate-google-analytics","0","0","0"
"1018","mail-subscribe-list","0","0","0"
"1019","simple-full-screen-background-image","0","0","0"
"1020","wordpress-access-control","0","0","0"
"1021","dynamic-content-gallery-plugin","0","0","0"
"1022","delete-pending-comments","0","0","0"
"1023","wpgform","0","0","0"
"1024","wpcu3er","0","0","0"
"1025","database-browser","0","0","0"
"1026","page-scroll-to-id","0","0","0"
"1027","social-gallery-lite","0","0","0"
"1028","video-sidebar-widgets","0","0","0"
"1029","slimjetpack","0","0","0"
"1030","vslider","0","0","0"
"1031","favicon-rotator","0","0","0"
"1032","cyr2lat","0","0","0"
"1033","flexible-posts-widget","0","0","0"
"1034","scroll-back-to-top","0","0","0"
"1035","delete-all-comments","0","0","0"
"1036","wp-appbox","0","0","0"
"1037","simple-image-sizes","0","0","0"
"1038","easyreservations","0","0","0"
"1039","genesis-layout-extras","0","0","0"
"1040","bwp-recaptcha","0","0","0"
"1041","so-price-table-widget","0","0","0"
"1042","easy-smooth-scroll-links","0","0","0"
"1043","export-user-data","0","0","0"
"1044","wp-post-date-remover","0","0","0"
"1045","google-adsense-lite","0","0","0"
"1046","customer-area","0","0","0"
"1047","wp-hide-post","0","0","0"
"1048","easy-photo-album","0","0","0"
"1049","wp-thumb","0","0","0"
"1050","formforall","0","0","0"
"1051","php-text-widget","0","0","0"
"1052","jquery-lightbox-for-native-galleries","0","0","0"
"1053","facebook-popup-box","0","0","0"
"1054","wp-responsive-menu","0","0","0"
"1055","google-adsense-for-responsive-design-gard","0","0","0"
"1056","wpmarketplace","0","0","0"
"1057","tabby-responsive-tabs","0","0","0"
"1058","buddypress-activity-plus","0","0","0"
"1059","font-awesome-more-icons","0","0","0"
"1060","theme-blvd-wpml-bridge","0","0","0"
"1061","advanced-category-excluder","0","0","0"
"1062","zemanta","0","0","0"
"1063","twitget","0","0","0"
"1064","grand-media","0","0","0"
"1065","easy-sign-up","0","0","0"
"1066","quick-featured-images","0","0","0"
"1067","geo-my-wp","0","0","0"
"1068","hide-admin-bar","0","0","0"
"1069","wangguard","0","0","0"
"1070","google","0","0","0"
"1071","huzzaz-video-gallery","0","0","0"
"1072","html-on-pages","0","0","0"
"1073","wordpress-tooltips","0","0","0"
"1074","coupon-creator","0","0","0"
"1075","cool-video-gallery","0","0","0"
"1076","wp-fast-cache","0","0","0"
"1077","facebook-thumb-fixer","0","0","0"
"1078","full-page-full-width-backgroud-slider","0","0","0"
"1079","juiz-social-post-sharer","0","0","0"
"1080","nextgen-public-uploader","0","0","0"
"1081","pixabay-images","0","0","0"
"1082","enhanced-text-widget","0","0","0"
"1083","mobilepress","0","0","0"
"1084","vanilla-pdf-embed","0","0","0"
"1085","gravity-forms-toolbar","0","0","0"
"1086","wp-social-likes","0","0","0"
"1087","comment-guestbook","0","0","0"
"1088","woocommerce-facebook-share-like-button","0","0","0"
"1089","pushpress","0","0","0"
"1090","booking-system","0","0","0"
"1091","shorten-url","0","0","0"
"1092","woocommerce-dynamic-gallery","0","0","0"
"1093","orbisius-child-theme-creator","0","0","0"
"1094","wp-modal-login","0","0","0"
"1095","genesis-translations","0","0","0"
"1096","wp-super-popup","0","0","0"
"1097","headspace2","0","0","0"
"1098","mobiloud-mobile-app-plugin","0","0","0"
"1099","awesome-flickr-gallery-plugin","0","0","0"
"1100","post-list-featured-image","0","0","0"
"1101","themefuse-maintenance-mode","0","0","0"
"1102","wp-ultimate-recipe","0","0","0"
"1103","kiwi-logo-carousel","0","0","0"
"1104","jsj-gallery-slideshow","0","0","0"
"1105","responsive-contact-form","0","0","0"
"1106","wp-o-matic","0","0","0"
"1107","alti-watermark","0","0","0"
"1108","post-date-change-redirection","0","0","0"
"1109","2-click-socialmedia-buttons","0","0","0"
"1110","add-local-avatar","0","0","0"
"1111","backup","0","0","0"
"1112","google-authenticator","0","0","0"
"1113","bmo-expo","0","0","0"
"1114","daves-wordpress-live-search","0","0","0"
"1115","thecartpress","0","0","0"
"1116","safe-redirect-manager","0","0","0"
"1117","wp-stats","0","0","0"
"1118","columns","0","0","0"
"1119","pinterest-pinboard-widget","0","0","0"
"1120","easy-custom-auto-excerpt","0","0","0"
"1121","wp-super-edit","0","0","0"
"1122","soundy-background-music","0","0","0"
"1123","facebook-master","0","0","0"
"1124","ultimate-auction","0","0","0"
"1125","easy-translator-lite","0","0","0"
"1126","custom-meta-widget","0","0","0"
"1127","ultimate-auction","0","0","0"
"1128","wp-crm","0","0","0"
"1129","nivo-slider-for-wordpress","0","0","0"
"1130","quick-paypal-payments","0","0","0"
"1131","menu-social-icons","0","0","0"
"1132","sumome","0","0","0"
"1133","appthemer-crowdfunding","0","0","0"
"1134","share-buttons","0","0","0"
"1135","nice-login-register-widget","0","0","0"
"1136","facebookall","0","0","0"
"1137","wp-catalogue","0","0","0"
"1138","floating-social-media-links","0","0","0"
"1139","post-slider","0","0","0"
"1140","edit-flow","0","0","0"
"1141","wpjam-qiniu","0","0","0"
"1142","contact-form-7-autoresponder-addon-plugin","0","0","0"
"1143","lively-chat-support","0","0","0"
"1144","q-and-a","0","0","0"
"1145","fatpanda-facebook-comments","0","0","0"
"1146","advanced-featured-post-widget","0","0","0"
"1147","simple-html-slider","0","0","0"
"1148","wp-bulletin-board","0","0","0"
"1149","wp-favorite-posts","0","0","0"
"1150","nginx-helper","0","0","0"
"1151","wordpress-facebook-like-plugin","0","0","0"
"1152","add-posts-to-pages","0","0","0"
"1153","subscriber","0","0","0"
"1154","css-javascript-toolbox","0","0","0"
"1155","awesome-filterable-portfolio","0","0","0"
"1156","vimeo-master","0","0","0"
"1157","wp-sliding-login-register-panel","0","0","0"
"1158","rsvp","0","0","0"
"1159","frontend-uploader","0","0","0"
"1160","gtranslate","0","0","0"
"1161","jetpack-lite","0","0","0"
"1162","wp-error-fix","0","0","0"
"1163","event-espresso-free","0","0","0"
"1164","easy-modal","0","0","0"
"1165","event-list","0","0","0"
"1166","fv-antispam","0","0","0"
"1167","latest-tweets-widget","0","0","0"
"1168","soccer-info","0","0","0"
"1169","slick-contact-forms","0","0","0"
"1170","show-sliders","0","0","0"
"1171","rizzi-guestbook","0","0","0"
"1172","wp-front-end-editor","0","0","0"
"1173","social-share-boost","0","0","0"
"1174","sendit","0","0","0"
"1175","wp-pipes","0","0","0"
"1176","thank-me-later","0","0","0"
"1177","shopp","0","0","0"
"1178","social-media-icons","0","0","0"
"1179","likebtn-like-button","0","0","0"
"1180","responsive-header-image-slider","0","0","0"
"1181","video","0","0","0"
"1182","youtube-master","0","0","0"
"1183","magic-fields-2","0","0","0"
"1184","form","0","0","0"
"1185","our-team-by-woothemes","0","0","0"
"1186","facebook-like-box","0","0","0"
"1187","woocommerce-custom-product-tabs-lite","0","0","0"
"1188","facebook-like-box","0","0","0"
"1189","weather-and-weather-forecast-widget","0","0","0"
"1190","dk-new-medias-image-rotator-widget","0","0","0"
"1191","wpsc-support-tickets","0","0","0"
"1192","parallax-gravity-landing-page-builder","0","0","0"
"1193","disable-wordpress-updates","0","0","0"
"1194","google-author-information-in-search-results-wordpress-plugin","0","0","0"
"1195","wp-splash-page","0","0","0"
"1196","google-analytics-link","0","0","0"
"1197","hero-themes-gallery-manager","0","0","0"
"1198","social-toolbar","0","0","0"
"1199","random-banner","0","0","0"
"1200","twiget","0","0","0"
"1201","sliding-contact-form-by-formget","0","0","0"
"1202","wck-custom-fields-and-custom-post-types-creator","0","0","0"
"1203","soundcloud-is-gold","0","0","0"
"1204","buddypress-xprofile-custom-fields-type","0","0","0"
"1205","developer","0","0","0"
"1206","convert-post-types","0","0","0"
"1207","wp-csv","0","0","0"
"1208","social-slider","0","0","0"
"1209","footer-putter","0","0","0"
"1210","social-linkz","0","0","0"
"1211","wufoo-shortcode","0","0","0"
"1212","cm-download-manager","0","0","0"
"1213","featured-video-plus","0","0","0"
"1214","wp-accessibility","0","0","0"
"1215","qtranslate-slug","0","0","0"
"1216","wp-category-posts-list","0","0","0"
"1217","wp-accessibility","0","0","0"
"1218","google-custom-search","0","0","0"
"1219","click-to-tweet-by-todaymade","0","0","0"
"1220","jetpack-de","0","0","0"
"1221","wp-calendar","0","0","0"
"1222","soundcloud-master","0","0","0"
"1223","wordpress-video-plugin","0","0","0"
"1224","advanced-ajax-page-loader","0","0","0"
"1225","twitter-stream","0","0","0"
"1226","dynamic-featured-image","0","0","0"
"1227","so-masonry","0","0","0"
"1228","instagram-image-gallery","0","0","0"
"1229","hitsteps-visitor-manager","0","0","0"
"1230","posts-in-sidebar","0","0","0"
"1231","styles-twentyfourteen","0","0","0"
"1232","styles-twentyfourteen","0","0","0"
"1233","tawea","0","0","0"
"1234","jquery-image-lazy-loading","0","0","0"
"1235","calpress-event-calendar","0","0","0"
"1236","aweber-web-form-widget","0","0","0"
"1237","cbnet-multi-author-comment-notification","0","0","0"
"1238","artiss-transient-cleaner","0","0","0"
"1239","network-publisher","0","0","0"
"1240","postie","0","0","0"
"1241","hide-admin-bar-from-non-admins","0","0","0"
"1242","wpmandrill","0","0","0"
"1243","child-themify","0","0","0"
"1244","post-tags-and-categories-for-pages","0","0","0"
"1245","flickr-photostream","0","0","0"
"1246","stealth-login-page","0","0","0"
"1247","flickr-photostream","0","0","0"
"1248","banner-upload","0","0","0"
"1249","wedevs-project-manager","0","0","0"
"1250","tiny-carousel-horizontal-slider","0","0","0"
"1251","pronamic-google-maps","0","0","0"
"1252","amazon-auto-links","0","0","0"
"1253","statpress-reloaded","0","0","0"
"1254","wp-spamfree","0","0","0"
"1255","brankic-photostream-widget","0","0","0"
"1256","eps-301-redirects","0","0","0"
"1257","socialize","0","0","0"
"1258","wp-instagram-widget","0","0","0"
"1259","ktai-style","0","0","0"
"1260","aesop-story-engine","0","0","0"
"1261","movabletype-importer","0","0","0"
"1262","seo-title-tag","0","0","0"
"1263","ad-inserter","0","0","0"
"1264","wp-pro-quiz","0","0","0"
"1265","cleaner-gallery","0","0","0"
"1266","spiffy-calendar","0","0","0"
"1267","schema-creator","0","0","0"
"1268","wp-cms-post-control","0","0","0"
"1269","constant-contact-widget","0","0","0"
"1270","prizm-image","0","0","0"
"1271","calculated-fields-form","0","0","0"
"1272","loco-translate","0","0","0"
"1273","timthumb-vulnerability-scanner","0","0","0"
"1274","wp-booklet","0","0","0"
"1275","mailchimp-widget","0","0","0"
"1276","blogvault-real-time-backup","0","0","0"
"1277","spam-captcha","0","0","0"
"1278","mobile-smart","0","0","0"
"1279","ultimate-category-excluder","0","0","0"
"1280","flexi-pages-widget","0","0","0"
"1281","attachments","0","0","0"
"1282","getresponse-integration","0","0","0"
"1283","custom-css-manager-plugin","0","0","0"
"1284","top-25-social-icons","0","0","0"
"1285","vanilla-forums","0","0","0"
"1286","wp-admin-bar-removal","0","0","0"
"1287","category-feature","0","0","0"
"1288","motopress","0","0","0"
"1289","wp-visual-icon-fonts","0","0","0"
"1290","event-registration","0","0","0"
"1291","reflex-gallery","0","0","0"
"1292","woocommerce-sequential-order-numbers","0","0","0"
"1293","reflex-gallery","0","0","0"
"1294","socialradios","0","0","0"
"1295","wpfront-scroll-top","0","0","0"
"1296","custom-header-images","0","0","0"
"1297","cardoza-facebook-like-box","0","0","0"
"1298","easy-facebook-login","0","0","0"
"1299","baw-login-logout-menu","0","0","0"
"1300","wordpress-post-tabs","0","0","0"
"1301","feedburner-form","0","0","0"
"1302","premium-seo-pack-light-version","0","0","0"
"1303","woocommerce-predictive-search","0","0","0"
"1304","newsboard","0","0","0"
"1305","sp-news-and-widget","0","0","0"
"1306","easy-add-thumbnail","0","0","0"
"1307","easy-add-thumbnail","0","0","0"
"1308","bsk-pdf-manager","0","0","0"
"1309","wp-math-captcha","0","0","0"
"1310","import-users-from-csv","0","0","0"
"1311","wp-bitly","0","0","0"
"1312","pinterest-hover-pin-it-button","0","0","0"
"1313","extrawatch","0","0","0"
"1314","contact-form-integrated-with-google-maps","0","0","0"
"1315","auto-terms-of-service-and-privacy-policy","0","0","0"
"1316","wunderground","0","0","0"
"1317","websimon-tables","0","0","0"
"1318","custom-post-donations","0","0","0"
"1319","wp-gmappity-easy-google-maps","0","0","0"
"1320","tweetily-tweet-wordpress-posts-automatically","0","0","0"
"1321","post-plugin-library","0","0","0"
"1322","job-manager","0","0","0"
"1323","tweetily-tweet-wordpress-posts-automatically","0","0","0"
"1324","olevmedia-shortcodes","0","0","0"
"1325","gregs-high-performance-seo","0","0","0"
"1326","show-hide-author","0","0","0"
"1327","hf-commander","0","0","0"
"1328","swiftype-search","0","0","0"
"1329","wp-linkedin","0","0","0"
"1330","bbpress-like-button","0","0","0"
"1331","email-address-encoder","0","0","0"
"1332","easy-facebook-share-thumbnails","0","0","0"
"1333","wp-google-drive","0","0","0"
"1334","snitch","0","0","0"
"1335","wp-hide-dashboard","0","0","0"
"1336","wp-google-analytics","0","0","0"
"1337","envira-gallery-lite","0","0","0"
"1338","user-avatar","0","0","0"
"1339","mn-contact-form","0","0","0"
"1340","featured-post","0","0","0"
"1341","wppizza","0","0","0"
"1342","written","0","0","0"
"1343","adsense-click-fraud-monitoring","0","0","0"
"1344","cssable-countdown","0","0","0"
"1345","wp-e-commerce-dynamic-gallery","0","0","0"
"1346","total-security","0","0","0"
"1347","visual-editor-custom-buttons","0","0","0"
"1348","ultimate-product-catalogue","0","0","0"
"1349","forum-server","0","0","0"
"1350","carousel-horizontal-posts-content-slider","0","0","0"
"1351","author-avatars","0","0","0"
"1352","blue-login-style","0","0","0"
"1353","sticky-header","0","0","0"
"1354","cyclone-slider","0","0","0"
"1355","custom-content-shortcode","0","0","0"
"1356","images-thumbnail-sliderv1","0","0","0"
"1357","custom-login-logo","0","0","0"
"1358","projects-by-woothemes","0","0","0"
"1359","hdw-player-video-player-video-gallery","0","0","0"
"1360","birchschedule","0","0","0"
"1361","code-snippets","0","0","0"
"1362","wp-twitter-feed","0","0","0"
"1363","hubspot","0","0","0"
"1364","resize-image-after-upload","0","0","0"
"1365","autochimp","0","0","0"
"1366","namaste-lms","0","0","0"
"1367","mailpress","0","0","0"
"1368","advanced-menu-widget","0","0","0"
"1369","nextgen-gallery-optimizer","0","0","0"
"1370","wp-paginate","0","0","0"
"1371","eyes-only-user-access-shortcode","0","0","0"
"1372","social-popup","0","0","0"
"1373","edit-author-slug","0","0","0"
"1374","wp-simple-booking-calendar","0","0","0"
"1375","rps-image-gallery","0","0","0"
"1376","breezing-forms","0","0","0"
"1377","yikes-inc-easy-mailchimp-extender","0","0","0"
"1378","advanced-page-manager","0","0","0"
"1379","roses-like-this","0","0","0"
"1380","secure-html5-video-player","0","0","0"
"1381","watermark-reloaded","0","0","0"
"1382","easy-restaurant-menu-manager","0","0","0"
"1383","skype-online-status","0","0","0"
"1384","social-connect","0","0","0"
"1385","responsive-column-widgets","0","0","0"
"1386","cbnet-ping-optimizer","0","0","0"
"1387","async-js-and-css","0","0","0"
"1388","google-maps","0","0","0"
"1389","import-html-pages","0","0","0"
"1390","stagtools","0","0","0"
"1391","opml-importer","0","0","0"
"1392","bootstrap-shortcodes","0","0","0"
"1393","plugins-language-switcher","0","0","0"
"1394","custom-login-page","0","0","0"
"1395","wp-email-capture","0","0","0"
"1396","traffic-counter-widget","0","0","0"
"1397","infusionsoft","0","0","0"
"1398","theme-blvd-responsive-google-maps","0","0","0"
"1399","wpide","0","0","0"
"1400","contact-us","0","0","0"
"1401","wp-supersized","0","0","0"
"1402","google-apps-login","0","0","0"
"1403","testimonial-basics","0","0","0"
"1404","getsocial","0","0","0"
"1405","tipsy-social-icons","0","0","0"
"1406","e-mailing-service","0","0","0"
"1407","simple-fields","0","0","0"
"1408","wp-cycle","0","0","0"
"1409","meet-my-team","0","0","0"
"1410","anti-captcha","0","0","0"
"1411","menu-icons","0","0","0"
"1412","menu-icons","0","0","0"
"1413","fetch-tweets","0","0","0"
"1414","visualizer","0","0","0"
"1415","binlayer-dashboard-widget","0","0","0"
"1416","search-filter","0","0","0"
"1417","oik","0","0","0"
"1418","genesis-title-toggle","0","0","0"
"1419","wp-page-numbers","0","0","0"
"1420","tweeple","0","0","0"
"1421","search-meter","0","0","0"
"1422","show-posts","0","0","0"
"1423","vidsy","0","0","0"
"1424","dreamgrow-scroll-triggered-box","0","0","0"
"1425","tiled-gallery-carousel-without-jetpack","0","0","0"
"1426","cp-multi-view-calendar","0","0","0"
"1427","query-monitor","0","0","0"
"1428","genesis-connect-woocommerce","0","0","0"
"1429","floating-menu","0","0","0"
"1430","yith-custom-login","0","0","0"
"1431","spider-contacts","0","0","0"
"1432","wp-backgrounds-lite","0","0","0"
"1433","tweet-blender","0","0","0"
"1434","fv-top-level-cats","0","0","0"
"1435","ads-campaigns","0","0","0"
"1436","horizontal-scrolling-announcement","0","0","0"
"1437","restrict-categories","0","0","0"
"1438","faster-image-insert","0","0","0"
"1439","post-duplicator","0","0","0"
"1440","embed-facebook","0","0","0"
"1441","simply-exclude","0","0","0"
"1442","simply-exclude","0","0","0"
"1443","microthemer","0","0","0"
"1444","custom-recent-posts-widget","0","0","0"
"1445","appointment-booking-calendar","0","0","0"
"1446","simple-maintenance-mode","0","0","0"
"1447","smart-donations","0","0","0"
"1448","yandex-maps-for-wordpress","0","0","0"
"1449","wp-countdown-timer","0","0","0"
"1450","mtouch-quiz","0","0","0"
"1451","media-file-manager","0","0","0"
"1452","wp-jump-menu","0","0","0"
"1453","wp-facebook-fanbox-widget","0","0","0"
"1454","easy-video-player","0","0","0"
"1455","wp-online-store","0","0","0"
"1456","crazy-bone","0","0","0"
"1457","sp-client-document-manager","0","0","0"
"1458","crazy-bone","0","0","0"
"1459","wp-online-store","0","0","0"
"1460","soundcloud-ultimate","0","0","0"
"1461","seo-advicer","0","0","0"
"1462","bns-featured-category","0","0","0"
"1463","statify","0","0","0"
"1464","twitter-like-box-reloaded","0","0","0"
"1465","scroll-triggered-boxes","0","0","0"
"1466","disable-wordpress-core-update","0","0","0"
"1467","contact","0","0","0"
"1468","wp-facebook-like","0","0","0"
"1469","subscribe-to-comments","0","0","0"
"1470","cyan-backup","0","0","0"
"1471","wp-sitemanager","0","0","0"
"1472","newsletter-manager","0","0","0"
"1473","wp-facebook-like","0","0","0"
"1474","disable-wordpress-core-update","0","0","0"
"1475","catablog","0","0","0"
"1476","standout-css3-buttons","0","0","0"
"1477","bookings","0","0","0"
"1478","wp-sitemanager","0","0","0"
"1479","jquery-smooth-scroll","0","0","0"
"1480","visits-counter","0","0","0"
"1481","cyan-backup","0","0","0"
"1482","wpsmart-mobile","0","0","0"
"1483","multiple-content-blocks","0","0","0"
"1484","wp-frontpage-news","0","0","0"
"1485","woocommerce-product-details-customiser","0","0","0"
"1486","wp-float","0","0","0"
"1487","nk-google-analytics","0","0","0"
