"1","akismet","0","74920"
"2","google-sitemap-generator","0","41624"
"3","wordpress-seo","0","40413"
"4","contact-form-7","0","34951"
"5","better-wp-security","0","14753"
"6","nextgen-gallery","0","16556"
"7","jetpack","1","31279"
"8","w3-total-cache","0","27499"
"9","wysija-newsletters","1","12155"
"10","woocommerce","0","12916"
"11","wordpress-importer","0","27342"
"12","all-in-one-seo-pack","0","33453"
"13","google-analytics-dashboard-for-wp","0","12536"
"14","really-simple-captcha","0","17056"
"15","wp-optimize","0","18271"
"16","wordfence","0","15026"
"17","coming-soon-maintenance-mode-ready","0","10867"
"18","broken-link-checker","0","17709"
"19","disable-comments","0","12183"
"20","google-analytics-for-wordpress","0","21924"
"21","worker","0","12429"
"22","advanced-custom-fields","0","15818"
"23","wptouch","0","16027"
"24","the-events-calendar","0","11810"
"25","black-studio-tinymce-widget","0","11694"
"26","social-networks-auto-poster-facebook-twitter-g","0","14019"
"27","wp-pagenavi","0","24581"
"28","shortcodes-ultimate","0","12151"
"29","ml-slider","0","11809"
"30","share-this","0","10961"
"31","wp-super-cache","0","28192"
"32","tinymce-advanced","0","18416"
"33","updraftplus","0","12937"
"34","contact-form-plugin","0","12710"
"35","wp-to-twitter","0","13161"
"36","contact-form-7-to-database-extension","0","12302"
"37","wp-slimstat","0","11530"
"38","facebook","0","14998"
"39","shareaholic","0","13642"
"40","newsletter","0","12362"
"41","slideshow-jquery-image-gallery","0","11444"
"42","regenerate-thumbnails","0","18566"
"43","wp-google-maps","0","11194"
"44","user-role-editor","0","13970"
"45","vipers-video-quicktags","0","12740"
"46","seo-ultimate","0","12696"
"47","photo-gallery","0","11107"
"48","captcha","0","14220"
"49","add-to-any","0","11725"
"50","all-video-gallery","1","10980"
"51","duplicate-post","0","14209"
"52","backwpup","0","13531"
"53","mailchimp-for-wp","0","11925"
"54","siteorigin-panels","0","11257"
"55","gallery-plugin","0","11178"
"56","squirrly-seo","0","11065"
"57","bbpress","0","15176"
"58","buddypress","0","12067"
"59","backupwordpress","0","12678"
"60","options-framework","0","11554"
"61","bulletproof-security","0","12026"
"62","ewww-image-optimizer","0","12591"
"63","duplicator","0","12115"
"64","ajax-thumbnail-rebuild","0","12370"
"65","ultimate-coming-soon-page","0","11681"
"66","breadcrumb-navxt","0","13883"
"67","wp-e-commerce","0","11318"
"68","wp-user-avatar","0","12187"
"69","google-analyticator","0","15080"
"70","soliloquy-lite","0","11134"
"71","all-in-one-wp-security-and-firewall","0","11670"
"72","download-manager","0","11448"
"73","post-types-order","0","12397"
"74","ultimate-tinymce","0","13115"
"75","custom-facebook-feed","0","11047"
"76","google-sitemap-plugin","0","12547"
"77","addthis","0","14122"
"78","ninja-forms","0","11447"
"79","responsive-add-ons","0","11350"
"80","qtranslate","1","11795"
"81","xhanch-my-twitter","0","11013"
"82","youtube-embed-plus","0","11568"
"83","easy-adsense-lite","0","11765"
"84","wp-postviews","1","16228"
"85","responsive-lightbox","0","11441"
"86","social-media-feather","0","11482"
"87","sucuri-scanner","0","11979"
"88","powerpress","0","12133"
"89","yet-another-related-posts-plugin","0","18076"
"90","si-contact-form","0","14091"
"91","mce-table-buttons","0","11519"
"92","wp-lightbox-2","0","11579"
"93","wp-mail-smtp","0","14000"
"94","wp-fastest-cache","0","11411"
"95","nrelate-related-content","0","14607"
"96","googleanalytics","0","14509"
"97","wp-maintenance-mode","0","13079"
"98","wp-db-backup","0","16852"
"99","simple-page-ordering","0","11852"
"100","mainwp-child","0","11115"
"101","types","0","12178"
"102","wp-smushit","0","17727"
"103","autoptimize","0","11743"
"104","nextgen-facebook","0","11452"
"105","google-maps-widget","0","11151"
"106","redirection","0","19528"
"107","video-thumbnails","0","12223"
"108","s2member","0","11609"
"109","limit-login-attempts","0","16792"
"110","tablepress","0","12955"
"111","underconstruction","1","11875"
"112","search-everything","1","12321"
"113","xcloner-backup-and-restore","1","11462"
"114","pretty-link","1","14268"
"115","nextcellent-gallery-nextgen-legacy","1","11167"
"116","cms-tree-page-view","1","11684"
"117","stream-video-player","1","11250"
"118","file-gallery","1","11203"
"119","content-slide","1","11050"
"120","wp-symposium","1","11045"
"121","hms-testimonials","1","11034"
"122","wp-print","1","12237"
"123","lazyest-gallery","1","11078"
"124","google-maps-ready","0","11080"
"125","simple-share-buttons-adder","0","12563"
"126","fancier-author-box","0","11703"
"127","add-link-to-facebook","0","11556"
"128","image-widget","0","13594"
"129","simple-lightbox","0","11748"
"130","codestyling-localization","0","12299"
"131","bet-on-sports","0","11056"
"132","blogger-importer","0","12676"
"133","wp-statistics","0","11978"
"134","easy-media-gallery","0","11156"
"135","floating-social-media-icon","0","11600"
"136","jw-player-plugin-for-wordpress","0","12584"
"137","formget-contact-form","0","11142"
"138","seo-image","0","15545"
"139","easy-fancybox","0","12358"
"140","wp-social-bookmarking-light","0","11505"
"141","widget-logic","0","14228"
"142","iframe","0","12194"
"143","ditty-news-ticker","0","11306"
"144","force-regenerate-thumbnails","0","11912"
"145","testimonials-widget","0","11484"
"146","really-simple-facebook-twitter-share-buttons","0","12253"
"147","quick-cache","0","12433"
"148","theme-my-login","0","12447"
"149","smart-youtube","0","12528"
"150","wp-polls","0","16627"
"151","maxbuttons","0","11380"
"152","slider-image","0","11135"
"153","list-category-posts","0","12388"
"154","gallery-bank","0","11148"
"155","wiziapp-create-your-own-native-iphone-app","0","11333"
"156","all-in-one-favicon","0","13110"
"157","plugnedit","0","11125"
"158","bruteprotect","0","11500"
"159","custom-sidebars","0","12158"
"160","wordpress-23-related-posts-plugin","0","14214"
"161","lightbox-plus","0","12917"
"162","jigoshop","0","11163"
"163","wp-photo-album-plus","0","11280"
"164","wp-dbmanager","0","14448"
"165","newstatpress","0","11270"
"166","zopim-live-chat","0","11464"
"167","wp-members","0","11438"
"168","advanced-access-manager","0","11504"
"169","relevanssi","0","12901"
"170","page-links-to","0","13820"
"171","wp-clone-by-wp-academy","0","11425"
"172","easy-contact-forms","0","11676"
"173","wp-gallery-custom-links","0","11403"
"174","syntaxhighlighter","0","14716"
"175","polylang","0","11255"
"176","spider-event-calendar","0","11160"
"177","custom-post-type-ui","0","12683"
"178","leaflet-maps-marker","0","11245"
"179","wp-retina-2x","0","11609"
"180","subscribe2","0","11826"
"181","flamingo","0","11360"
"182","display-widgets","0","12456"
"183","cloudflare","0","13065"
"184","media-library-assistant","0","11100"
"185","coming-soon","0","11240"
"186","enable-media-replace","0","11720"
"187","facebook-button-plugin","0","11440"
"188","wp-google-fonts","0","12007"
"189","wp-content-copy-protection","0","11222"
"190","si-captcha-for-wordpress","0","13347"
"191","woosidebars","0","11565"
"192","zedity","0","10891"
"193","wowslider","0","11006"
"194","comprehensive-google-map-plugin","0","11192"
"195","wordpress-backup-to-dropbox","0","12103"
"196","search-and-replace","0","13855"
"197","recent-tweets-widget","0","11103"
"198","maintenance","0","11359"
"199","testimonials-by-woothemes","0","10803"
